ph_value,ec_value,nitrogen_value,zinc_value,potash_value,sulphur_value,iron_value,phosphorous_value
7.92,0.79,91,0.52,247,20,7.82,16.41
7.37,1.29,215,1.28,405,11.55,3.77,24.11
7.31,0.43,361,0.56,537,20.58,4.89,22.57
7.04,0.63,232,0.38,355,10.77,3.6,14.36
7.44,0.33,190,1.16,332,18.61,8.3,22.06
8.04,1.14,102,0.76,288,12.94,5.37,63.09
7.71,0.41,270,0.34,485,32.67,3.84,18.47
7.28,1.95,183,0.12,642,30.86,10.84,20.01
7.45,2.9,270,0.34,715,13.7,3.7,35.39
7.32,0.67,271,1.18,781,12.67,4.96,22.57
8.68,1.29,301,0.25,413,21.29,7.56,23.08
7.87,1.79,157,1.08,510,30.97,6.25,48.73
8.59,0.66,193,0.65,208,30.43,12.76,21.03
7.73,0.98,300,0.12,169,26.9,5.92,36.93
7.37,0.55,210,0.52,187,20.41,7.72,71.81
7.76,0.79,101,0.56,233,29.4,3.49,30.26
7.45,1.28,270,0.36,211,19.8,4.38,75.41
7.84,0.63,229,0.32,860,26.22,9.36,22.06
8.07,1.92,86,0.84,473,35.54,4.03,38.47
8.88,1.33,179,0.32,341,26.1,11.19,17.44
8.24,0.76,149,1.4,518,20.89,5.04,75.92
8.06,0.73,337,0.62,532,31.07,5.52,18.47
7.22,0.26,246,0.24,626,13.53,8.16,28.73
8.01,0.38,353,1.06,212,24.49,6.05,25.14
7.78,0.62,378,0.86,323,12.05,4.9,89.77
7.3,0.81,274,0.3,349,22.65,5.8,44.63
7.76,0.66,296,1.41,359,15.51,5.02,57.45
7.44,0.64,303,0.6,574,12.79,6.17,34.88
7.09,0.85,361,1.1,702,19.14,11.02,57.96
7.63,0.65,289,0.36,235,24.37,7.54,74.89
7.74,0.3,401,0.4,348,17.87,6.78,64.63
7.78,0.78,318,0.32,409,23.76,4.08,36.93
7.4,0.46,303,0.18,116,19.59,6.9,61.04
8.04,0.38,202,0.26,593,28.22,6.04,29.75
8.02,2.36,226,0.39,274,14.83,7.82,18.98
7.2,0.32,290,0.3,169,31.63,9.24,13.85
8.06,2.79,215,0.36,780,14.8,8.51,18.98
7.48,0.78,381,0.76,499,15.18,6.76,45.14
7.31,0.53,227,0.38,242,12.99,7.38,15.39
7.97,0.4,397,0.54,306,27.73,7.9,25.65
7.38,4.8,260,0.36,442,31.35,3.92,75.92
7.3,0.54,183,0.24,341,12.99,6.38,30.78
7.83,0.58,230,0.62,644,11.52,11.24,13.85
7.52,2.69,143,0.56,448,20.06,5.32,61.04
7.62,0.99,185,0.46,384,29.4,10.49,37.95
7.56,0.36,241,0.6,788,17.79,5.83,24.11
7.05,2.5,295,0.94,862,22.97,7.49,14.36
7.8,0.51,336,0.68,437,31.09,5.36,26.16
7.04,1.21,252,0.6,712,27.9,6.3,28.21
7.85,0.22,285,0.36,422,34.98,4.16,93.36
8.05,0.24,314,1.12,446,17.59,4.88,14.36
8.56,0.43,108,0.72,239,10.05,7.64,65.15
7.52,3.98,401,0.72,582,17.52,4.19,58.99
8.38,1.25,180,0.88,655,32.37,8.88,52.32
8.14,0.56,278,0.46,531,29.42,4.92,17.95
7.34,0.55,304,1.6,638,28.16,4.49,61.56
8.01,0.41,111,0.48,275,13.05,7.71,11.29
8.28,0.54,152,1.04,244,18.15,6.98,67.71
7.78,2.03,106,0.68,532,36.68,5.64,73.1
7.94,0.63,133,1.08,384,12.28,3.56,59.5
7.4,0.47,260,0.94,461,14.01,5.84,38.98
7.35,1.28,389,0.62,453,16.76,3.24,15.9
7.71,0.43,298,0.66,678,18.15,5.26,58.48
7.68,0.47,310,0.6,374,31.32,7.56,26.16
8.35,0.41,266,1.15,773,28.35,12.49,58.99
7.35,0.5,292,0.46,185,15.72,4.98,17.44
7.47,1.38,213,0.46,188,21.42,7.9,56.43
7.16,1.36,362,0.86,644,31.5,4.25,20.52
7.08,0.34,201,0.52,448,20.36,5.47,22.57
8.39,0.66,60,0.72,392,21.8,5.82,60.53
7.81,0.81,110,1.16,384,36.94,8.82,78.74
7.73,2.19,116,0.72,393,31.8,5.09,48.73
7.35,0.27,284,0.86,407,12.66,5.38,21.03
7.93,0.64,146,0.76,353,17.49,6.98,45.14
7.16,0.71,223,0.88,378,21.24,7.7,34.88
8.01,0.87,116,0.68,451,32.7,6.83,64.12
7.22,0.42,268,0.24,515,17.28,5.6,24.62
7.56,0.43,245,0.5,493,16.07,6.86,17.95
8.15,1.39,256,0.63,309,24.9,3.76,14.36
7.65,1.96,209,0.76,550,27.14,5.46,20.52
7.73,0.46,168,0.15,227,28.22,8.2,40.01
8.3,0.67,249,0.78,586,10.21,5.3,29.75
7.74,0.59,262,0.78,810,11.53,6.16,45.14
7.95,1.08,218,0.88,709,31.05,7.09,55.4
7.85,1.05,161,1.04,458,41.83,8.44,38.47
8,0.56,99,0.76,262,15.49,8.43,24.11
7.47,0.49,296,0.78,318,14.34,7.74,53.86
7.24,1.35,292,0.24,527,25.03,5.98,16.41
7.46,0.56,207,0.26,604,24.21,5.94,77.3
7.75,0.66,298,0.46,273,28.88,5.36,13.85
7.21,1.82,329,1.39,848,16.43,5.44,56.94
7.81,0.71,105,1.2,624,37.6,6.95,71.56
7.52,0.96,248,0.3,339,31.01,4.72,52.83
7.55,0.51,215,0.24,507,11.67,6.68,19.49
7.51,1.29,213,0.69,655,27.65,6.06,22.06
7.98,0.2,158,0.36,573,21.71,12.55,10.77
7.66,0.53,497,0.62,493,23.79,7.7,13.85
8.47,0.34,250,0.68,219,30.36,8,53.35
7.08,0.76,220,0.24,242,25.03,3.42,33.34
7.61,0.39,292,0.64,378,10.73,6.8,57.96
7.61,1.22,334,0.32,255,11.55,4.34,29.75
7.77,0.71,271,0.36,297,14.19,4.06,59.5
7.42,0.84,116,0.84,656,13.76,3.7,51.3
7.92,0.29,167,0.38,556,28.74,11.45,17.95
7.89,0.95,395,0.62,599,14.75,4.92,13.34
7.73,0.59,179,0.35,263,29.95,9.15,54.37
7.7,0.48,234,0.94,386,13.35,3.34,17.95
7.72,0.57,273,0.28,497,18.6,7.32,34.88
8.01,1.21,240,0.3,443,22.44,3.82,68.22
7.2,0.41,267,0.84,403,28.02,6.2,24.62
7.26,1.2,314,0.54,454,12.59,9.06,20.01
7.4,0.56,448,0.38,562,31.96,8.54,10.77
7.61,0.57,218,0.56,624,25.33,14.51,52.32
7.69,0.5,182,1.2,200,16.38,7.36,24.62
7.71,0.5,267,1.14,540,29.29,5.6,10.26
7.53,0.57,368,1.88,625,12.03,11.68,49.24
8.12,0.35,106,0.64,336,14.69,7.25,16.93
7.9,1.36,154,0.72,211,36.78,5.43,84.13
7.42,0.25,301,0.58,562,33.23,3.44,50.78
7.54,0.4,257,0.5,401,34.95,7.32,20.01
7.35,0.98,379,0.68,537,26.22,7.02,37.45
7.33,0.34,183,0.64,427,32.67,4.8,55.91
7.43,0.37,339,0.62,495,32.44,3.96,58.48
7.58,0.82,252,0.62,531,12.23,6.3,58.99
7.71,0.57,282,0.7,617,12.94,6.56,22.57
7.49,0.65,130,0.72,487,30.66,8.72,46.17
8.23,0.59,201,0.72,569,11.83,9.68,24.11
7.45,1.72,317,0.66,484,14.03,5.16,58.99
7.15,1.63,281,0.52,577,33.54,4.5,79
7.94,0.74,364,0.74,774,13.98,6.76,88.74
8.03,0.43,411,0.76,462,21.83,7.56,41.55
7.57,0.64,293,0.8,700,12.13,7.32,35.39
7.2,7.23,317,1.24,335,39.02,4.88,41.04
7.9,0.99,224,0.62,559,27.32,9.38,16.41
7.92,0.54,100,0.6,510,10.03,6.56,56.43
7.42,0.68,204,0.22,530,10.84,6.86,20.52
7.26,0.72,234,0.42,771,11.83,5.94,77.97
7.17,0.96,238,0.4,801,12.49,6.38,24.11
7.61,0.49,318,0.58,495,10.56,6.78,70.79
7.07,0.76,220,0.32,673,12.16,6.54,65.15
7.7,1.79,138,1.64,297,39.19,6.67,12.82
7.25,0.35,221,0.78,634,33.54,6.22,82.07
8.07,0.94,248,0.6,534,14.6,6.42,19.49
7.17,0.45,256,0.46,560,38.08,6.28,65.15
7.78,0.71,196,0.2,722,11.5,7.36,23.08
7.75,0.88,108,0.56,431,25.36,7.9,50.78
7.74,0.63,229,0.74,520,11.34,6.6,46.17
7.4,0.56,436,0.64,594,28.07,11.82,31.8
7.6,0.29,290,0.48,441,20.43,8.32,17.44
7.93,0.36,240,0.74,384,31.02,4.16,60.53
7.72,0.53,199,0.44,503,11.24,5.88,13.85
7.84,0.54,326,1,689,11.06,2.72,74.89
7.7,2.58,86,0.64,473,32.79,6.22,63.61
7.77,0.71,257,0.84,451,31.19,4.24,82.59
7.45,0.21,298,0.24,140,22.11,5.2,21.03
7.95,1.08,293,0.28,332,23.78,4.76,29.24
7.71,0.58,447,0.64,540,25.31,7.6,36.42
7.77,0.6,146,0.76,374,36.33,7.84,50.27
7.9,0.5,334,1.08,802,32.84,6.84,91.31
7.67,0.43,240,0.6,521,33.1,5.52,24.11
8.03,0.41,226,0.6,191,19.11,5.12,36.93
7.89,3.41,251,0.5,477,25.53,9.58,46.78
7.19,0.42,315,0.78,512,29.37,5.86,81.56
7.65,0.48,269,0.78,391,20.36,9.54,47.19
7.68,0.62,243,0.58,422,35.99,5.88,58.48
7.5,0.35,314,1.26,624,18.07,8.64,17.95
7.35,0.86,249,0.24,374,20.13,8.72,22.06
8.52,0.7,100,0.68,446,23.43,7.22,65.66
7.3,0.92,417,1.02,734,31.52,10.2,27.19
7.44,0.59,298,0.76,841,30.9,11.1,24.62
7.29,0.97,252,0.54,550,28.51,13.1,21.03
7.91,0.94,240,1.44,523,26.81,11.38,65.66
7.41,1.21,238,1.31,603,33.79,4.02,56.43
6.84,0.37,285,1.14,469,24.75,8.5,79
7.51,0.95,265,0.56,378,14.73,11.88,20.01
7.89,1.71,271,0.48,398,27.9,5.76,23.6
7.53,1.46,187,0.54,380,14.93,7.48,48.22
7.22,0.59,188,0.84,418,27.89,6.04,16.93
7.35,0.36,207,0.24,602,12.38,8.36,18.47
7.55,1.53,154,0.84,583,31.36,10.04,64.12
7.3,1.12,213,0.5,402,33,10.28,24.62
7.46,3.56,260,0.34,458,30,6.16,17.95
7.09,1.87,160,0.16,301,24.26,7.52,19.49
7.57,0.82,312,0.78,767,34.98,3.66,51.81
8.01,1.24,489,0.32,803,21.45,7.56,14.36
7.75,1.43,240,1,461,20.79,10.92,24.62
7.94,0.44,158,0.52,415,11.27,8.09,79.26
7.81,0.48,193,1.46,433,30,8.2,11.29
7.95,0.98,240,1.08,766,30.53,11.92,20.52
7.66,0.35,289,0.4,309,33.94,4.67,10.77
7.84,0.53,110,0.6,245,22.11,6.98,44.63
7.66,0.72,477,0.56,430,21.52,4.92,26.67
7.89,0.53,271,1.54,249,13.05,8.08,14.88
7.62,0.42,221,1.16,399,27.72,5.8,29.75
7.71,0.32,129,0.64,463,18.28,11.45,57.45
7.27,0.41,207,0.34,441,14.97,3.2,14.36
7.85,1.04,290,0.84,725,31.37,3.01,45.14
7.86,1.08,209,0.5,376,23.88,6.76,19.49
8.09,1.08,295,0.44,461,27.44,8.08,82.07
7.3,0.48,238,0.42,359,35.64,9.24,43.6
7.85,0.56,201,0.6,616,32.27,6.19,17.44
7.98,1.1,263,0.28,288,28.36,7.28,67.71
7.3,1.05,350,1.39,408,25.46,4.35,61.56
7.6,0.62,289,0.42,523,33.33,5.24,58.48
7.85,0.49,232,1.69,462,32.44,4.71,34.88
7.64,1.37,270,0.66,375,35.54,7.8,44.63
7.3,1.43,301,0.42,497,29.37,4.78,72.33
7.05,0.43,226,0.3,376,32.39,3.86,87.2
7.61,0.59,216,1.29,763,16.47,6.85,65.66
7.71,0.42,292,0.32,766,33,5.06,36.93
8.19,0.62,113,0.6,224,10.92,5.29,31.29
7.96,0.43,290,0.36,586,11.22,5.2,66.17
7.35,1.24,336,0.38,405,27.39,3.27,24.11
7.73,1.71,100,0.84,468,36.91,8.92,61.56
7.43,3.81,205,1.39,764,17.67,4.24,36.93
7.78,0.57,274,0.94,727,39.17,6.28,33.88
8.25,0.57,114,0.92,221,27.02,5.88,51.3
7.83,1.24,343,0.62,376,24.27,5.76,72.84
7.17,2.41,310,1.14,399,17.57,7.76,12.82
7.55,1.83,248,0.69,857,33.66,8.76,29.24
7.94,0.36,240,1.31,291,29.42,4.89,25.65
7.67,0.92,281,0.68,427,17.28,8.86,36.93
7.62,0.96,259,0.58,414,25.01,8.2,64.63
7.71,0.81,340,0.56,367,18.93,6.98,53.86
7.55,1.67,226,1.24,157,18.81,9.57,48.22
7.62,0.62,212,0.36,262,11.06,4.54,48.22
7.63,1.8,237,1.12,482,12.54,4.36,15.9
8.21,0.5,202,0.85,567,16.43,12.96,24.11
7.72,1.14,191,0.49,686,22.29,14.4,33.34
7.66,0.87,260,0.34,238,15.51,3.94,32.32
7.47,0.75,368,0.62,719,30.36,7.56,13.34
6.95,3.92,223,0.46,540,29.16,8.19,43.09
7.32,1.63,218,0.46,383,25.89,3.49,22.06
7.05,0.82,289,0.28,333,26.28,4.72,24.62
8,0.67,328,0.86,300,10.87,10.92,71.3
7.73,0.95,354,0.68,676,31.15,7.44,49.24
7.47,2.04,381,0.88,504,34.5,7.5,34.88
7,0.59,303,1.43,477,23.99,11.25,59.5
7.67,1.32,331,0.82,411,29.88,7.16,61.56
7.79,4.62,237,0.82,401,33.59,7.28,42.06
7.29,1.32,278,0.82,688,25.36,11.3,16.93
7.91,0.29,196,0.8,367,24.92,9.2,13.85
7.96,0.54,196,0.52,430,34.62,8.68,37.96
8.13,1.83,262,0.26,273,23.99,5.88,16.41
8.64,0.37,265,0.56,321,26.57,8.1,58.99
7.83,1.09,187,1.14,766,26.15,8.75,22.06
7.58,1.37,326,0.78,433,28.95,7.1,74.89
7.09,1.3,348,1.09,336,19.04,5.16,47.71
7.94,1.13,230,1.5,496,10.4,7.24,93.87
7.39,0.57,354,1.5,526,19.02,4.4,63.09
7.41,0.75,245,0.76,859,24.43,10.88,15.39
7.6,1.45,262,0.72,808,34.16,8.3,49.24
7.7,0.48,254,0.32,558,24.75,5.16,89.77
8.17,1.04,237,0.34,431,23.96,8.54,23.08
7.68,0.46,210,1.05,552,22.74,5.8,32.32
7.93,0.5,199,0.53,392,25.25,3.72,38.47
7.76,0.31,343,0.38,613,30.36,3.28,52.83
7.81,0.2,234,0.62,462,27.34,4.74,33.34
7.55,1.71,207,0.36,499,11.06,3.02,10.77
7.19,18.8,248,1.76,327,23.07,5.76,39.24
7.81,1.2,167,0.33,345,26.66,9.24,44.63
7.17,0.58,227,0.64,415,31.19,5.28,71.81
7.44,1.06,169,0.56,278,31.86,5.52,31.29
7.94,0.4,166,0.35,508,31.38,11.39,20.52
7.62,0.69,209,1.08,242,33,7.28,38.47
8,0.85,223,1.6,349,23.27,8.08,36.42
7.65,0.68,254,1.09,453,31.73,8.73,56.43
7.18,0.69,296,1.36,404,22.59,9.71,65.15
7.43,0.7,477,0.68,266,33.5,8.16,46.17
8.09,1.08,290,0.2,200,23.48,6.28,18.98
7.5,0.38,215,0.64,301,17.87,3.64,35.39
7.79,0.79,229,0.68,540,19.67,7.9,27.19
7.7,0.69,265,0.6,411,18.76,3.08,22.37
8.04,0.49,458,0.35,328,22.69,10.46,58.48
8.09,0.2,201,0.52,502,19.35,6.65,41.02
8.53,0.74,182,1.01,130,28.46,6.02,32.32
8.16,0.15,142,0.38,340,13.02,17.6,28.73
7.27,2.51,249,1.7,551,31.07,3.93,43.09
7.79,1.4,234,1.48,314,26.57,9.76,59.5
7.85,1.16,250,0.64,241,29.89,8.68,13.34
8.35,0.85,260,0.52,589,29.25,3.78,69.76
7.14,0.38,274,0.62,317,33.87,5.2,27.7
7.72,0.41,386,1.26,437,17.11,4.46,35.39
7.53,0.27,259,0.39,453,17.9,7.21,23.08
7.46,0.4,254,0.38,392,14.9,4.86,21.03
7.5,0.51,162,0.35,520,13.05,10.85,23.6
7.65,0.51,231,0.34,465,15.41,6.1,42.06
8.28,0.38,215,0.44,603,20.84,4.3,91.31
7.82,0.29,223,1.18,468,17.34,6.18,42.06
7.48,0.48,538,0.47,511,23.51,11.09,30.26
8.03,0.47,320,0.45,328,10.82,9.82,55.4
7.66,1.05,260,0.46,542,20.89,4.98,66.68
7.19,3.26,209,0.9,464,27.93,6.24,45.65
7.62,0.67,312,0.31,529,25.92,8.64,55.91
7.68,0.35,199,0.6,418,11.73,8.44,43.6
7.48,0.58,306,0.34,505,10.71,7.95,21.03
7.35,0.34,296,1.89,387,12.92,6.64,18.47
7.2,1.54,191,1.05,574,31.17,5.47,35.91
7.99,0.2,257,0.47,191,13.17,13.99,56.94
7.88,2.88,273,1.36,171,12.54,5.88,85.15
7.62,0.38,299,0.5,482,37.08,9.18,19.49
7.98,0.77,268,1.74,219,26.35,8.03,38.98
7.2,0.57,162,0.74,851,30,5,25.14
7.71,0.86,223,0.36,441,16.01,3.84,37.45
7.32,0.61,356,0.52,696,11.06,6.04,35.91
7.41,1.87,361,1.6,468,29.32,4.76,35.91
8.49,0.81,227,0.31,526,21.12,9.95,21.54
7.5,0.89,166,0.74,449,24.24,4.38,31.8
7.44,1.53,358,1.92,173,26.4,7.56,46.17
7.71,0.63,268,1.1,348,19.87,7.03,22.57
8.35,0.53,347,0.48,259,31.61,8.24,57.96
7.86,1.07,182,0.4,223,30.31,6.04,27.19
8.14,1.34,304,0.46,547,17.11,4.95,51.81
7.65,0.98,167,0.35,314,27.95,17.08,59.5
7.99,0.51,182,0.45,557,19.6,5.51,21.03
7.87,0.58,268,0.97,422,12.24,9.53,20.01
7.44,2.44,172,0.98,279,17.49,4.94,52.83
7.46,0.35,210,0.5,746,11.98,8.76,19.49
8.2,0.55,238,0.76,478,32.84,6.16,38.47
7.93,0.24,160,0.8,321,11.02,10.24,19.49
7.55,0.44,204,0.62,403,20.01,7.48,16.41
7.63,0.88,180,0.52,480,25.01,4.52,15.9
7.56,0.61,169,0.72,367,31.35,6.28,24.11
7.57,0.55,254,0.52,319,17.49,3.56,18.47
7.49,0.82,538,1.41,509,16.22,6.49,49.24
7.58,0.84,464,1.31,353,21.25,4.82,47.19
7.91,0.69,303,0.33,542,30.28,6.72,28.73
7.86,0.58,273,0.4,396,12.31,13.19,23.6
7.92,0.92,177,0.58,466,33.38,4,55.4
7.61,0.42,220,0.43,453,16.32,6.61,26.67
8.01,0.49,162,0.45,464,15.46,8.44,34.88
8,0.27,179,0.46,215,21.6,10.13,17.44
8.03,0.5,235,0.36,404,12.05,7.21,33.86
7.64,0.51,290,0.58,402,35.39,8.2,11.29
7.51,2.32,205,0.56,551,21.17,3.76,20.01
7.66,1.34,254,0.32,580,22.65,4.02,29.24
7.42,1.24,362,1.22,353,30.51,5.8,45.65
7.54,0.26,229,0.62,496,17.51,9.38,26.16
7.27,2.08,343,0.98,411,15.25,7.03,23.08
8,0.23,596,0.56,564,10.23,3.44,56.94
7.55,0.63,163,0.87,551,20.53,15.87,62.58
7.71,0.43,190,1.42,578,20.99,7.16,58.99
7.64,1.38,256,0.46,429,27.52,5.33,22.57
7.22,2.64,212,0.42,508,30.2,6.9,57.96
8.11,0.71,190,0.34,253,31.96,12.99,61.55
8.06,2.05,193,0.65,271,32.74,7.53,25.65
7.79,0.43,198,1.05,536,11.72,9.42,28.73
7.98,0.24,271,1.28,238,11.52,11.49,58.99
7.39,0.21,237,1.74,210,22.01,16.56,47.71
8.42,0.72,179,0.32,218,14.03,8.19,20
7.97,0.81,331,0.44,173,11.4,12.74,37.45
7.31,0.23,246,1.96,372,25.08,7.48,27.19
8.12,2.52,260,0.35,293,26.57,9.76,21.03
8,0.67,212,0.45,113,15.35,10.98,24.62
7.85,1.46,235,1.66,398,19.26,6.33,25.64
7.53,0.29,221,1.08,506,12.33,6.87,58.99
7.83,0.22,216,0.46,177,13.43,10.31,52.83
7.26,1.38,317,1.64,578,23.76,4.76,82.07
7.32,0.23,412,0.8,407,16.88,3.56,33.86
7.77,0.83,347,1.04,261,21.83,5.91,54.89
7.36,1.47,324,1.41,460,20.96,5.31,62.58
7.54,0.39,171,0.95,466,12.19,8.41,23.6
7.17,0.57,224,0.28,526,25.13,3.94,80.53
7.24,1.15,221,0.48,775,28.59,4.24,14.88
8.81,0.87,238,0.58,499,22.87,6.05,20.52
7.45,1.02,187,0.45,557,30.05,4.69,68.74
8.15,0.81,271,1.01,515,13.3,9.24,21.03
8.06,0.63,191,0.83,449,27.62,8.88,18.47
7.65,0.32,267,0.9,551,27.62,5.89,36.42
8.11,1.41,179,1.33,285,28.81,8.6,25.13
7.43,1.16,285,1.8,305,30.86,7.64,22.57
7.62,1.06,289,0.92,582,23.2,7.32,28.73
7.49,0.35,212,1.12,176,22.61,6.84,23.08
7.71,0.46,237,0.3,340,30.74,3.58,56.94
8.06,0.28,213,0.65,757,16.12,13.92,42.06
7.38,0.98,270,0.34,338,24.42,3.84,45.14
7.32,0.42,274,0.22,515,30.69,4.3,25.65
7.87,0.34,308,0.72,809,25.46,3.7,85.66
7.27,0.57,295,1.88,331,18.48,4.76,29.75
7.02,0.25,259,0.26,419,12.26,6.94,75.41
8.4,0.29,166,1.01,527,30.66,9.73,19.49
7.65,1.43,205,0.35,286,21.99,13.37,63.09
8.08,1.1,194,1.72,251,32.67,4.96,26.67
7.7,0.45,235,0.74,157,11.73,6.52,20.52
8.13,1.71,257,1.16,402,21.68,9.46,21.03
7.72,1.08,285,0.16,496,33.17,3.12,15.9
7.44,0.79,370,1.48,383,31.28,4.52,83.1
7.88,0.55,285,1.8,255,33.66,4.92,25.14
7.45,0.56,260,1.36,461,32.67,5.92,81.05
7.41,0.71,267,1.48,457,31.02,4.96,77.97
7.48,2.53,190,1.56,321,12.71,5.52,26.67
7.85,0.68,289,0.36,406,31.73,3.86,52.83
7.85,1.33,268,0.44,307,25.69,6.94,11.29
7.66,0.94,223,1.4,242,31.68,7.12,42.58
7.26,1.2,256,0.38,426,28.17,6.72,64.12
7.79,0.58,226,1.29,204,16.7,4.71,25.14
7.53,1.26,243,0.28,317,17.21,3.98,52.83
7.8,1.32,318,0.42,339,30.46,5.52,15.9
7.69,2.84,248,0.74,165,32.87,5.12,32.83
7.37,0.93,265,1.64,271,18.48,10.92,21.03
7.72,0.64,259,1.24,818,14.52,3.86,10.26
7.73,1.61,250,1.15,245,24.75,8.2,18.98
7.47,1.83,202,0.64,204,27.65,4.28,77.97
7.33,1.59,209,0.36,487,28.63,3.22,72.84
7.95,0.55,274,0.76,550,28.71,9.62,20
7.41,1.12,249,0.38,543,22.98,3.44,40.01
7.74,0.43,483,1.82,348,29.7,4.32,97.78
8.18,0.64,237,0.44,391,32.77,7.5,21.03
8.11,1.05,187,0.28,605,28.15,8.9,18.98
7.7,2.6,296,0.58,542,29.32,5.9,56.94
7.68,1.08,269,0.26,358,27.11,3.9,54.89
8.1,1.66,100,1.32,441,27.9,6.83,40.01
8.22,0.71,108,0.76,448,17.06,4.54,62.58
7.38,1.52,231,0.96,284,28.58,4.42,25.65
7.55,0.81,204,1.1,486,33.1,6.05,28.73
8.13,0.58,220,0.32,563,30.86,3.4,91.82
7.61,0.71,223,0.32,738,32.39,3.64,62.07
8.43,1.05,270,1.13,335,26.63,6.51,18.46
7.2,0.95,212,0.24,449,12.92,4.14,76.43
7.93,0.55,191,0.24,352,18.86,4.18,23.6
7.66,0.97,293,0.32,195,21.62,3.54,22.06
7.61,0.39,270,0.78,433,32.22,5.94,54.89
8.06,0.84,191,0.48,337,31.43,7.97,22.06
8.39,0.7,220,0.34,196,29.34,6.27,17.44
7.84,0.82,292,0.44,408,22.01,7.26,28.73
7.57,2.29,353,0.61,798,30.84,9.72,84.64
7.77,0.6,199,0.44,345,22.34,9.27,33.86
8.52,0.74,226,0.36,466,31.4,8.54,21.54
7.63,0.48,314,0.95,462,12.95,7.59,22.06
8.13,0.38,227,0.31,473,11.24,11.91,20.52
8.32,0.4,184,0.74,613,17.37,10.23,19.49
7.64,1.04,182,0.84,645,31.68,5.12,24.11
7.59,1.29,200,1.32,297,31.52,8.32,29.75
7.69,0.98,267,0.58,508,18.86,3.78,67.71
7.22,7.78,265,2.12,257,20.46,5.28,65.66
7.91,0.83,268,0.4,410,23.64,3.92,35.39
7.89,1.43,83,0.68,341,25.21,7.32,70.02
8.11,0.83,226,0.8,348,22.57,6.29,12.82
7.54,0.19,179,0.84,248,15.13,11.11,32.32
7.87,0.61,199,0.46,473,28.22,10.92,41.55
7.63,0.57,274,0.44,144,13.15,6.39,47.19
7.92,0.55,280,0.28,416,29.63,3.48,30.78
7.82,0.79,207,0.61,241,10.3,12.9,20.01
7.68,0.93,293,0.8,419,23.27,5.08,61.56
7.73,0.29,293,1.92,762,31.33,4,27.19
7.2,1.3,417,0.8,504,25.03,8.84,23.08
7.43,4.06,278,0.8,249,25.1,10.26,54.37
7.56,0.71,248,0.72,165,28.4,6.92,31.29
7.28,1.43,379,0.66,343,36.32,9.26,54.37
7.79,1.75,248,0.45,566,40.28,7.92,73.35
7.9,0.48,204,0.56,157,26.1,7.71,32.83
7.21,1.96,251,0.41,488,26.8,5.13,83.1
7.59,0.68,287,0.27,712,10.92,3.39,80.53
8.27,0.45,193,0.42,320,19.54,8.08,11.8
7.34,1.71,325,0.36,326,32.08,7.16,53.86
8.61,0.69,249,0.6,152,11.45,9.39,44.11
8.35,1.17,254,0.56,289,29.04,9.36,90.79
7.8,0.97,207,0.32,496,28.78,5.2,15.39
7.36,0.54,285,1.82,382,29.87,5.24,76.94
7.64,1.28,268,0.44,347,16.67,6.77,57.96
7.95,0.38,171,0.74,311,20.61,4.68,33.86
7.61,1.15,271,0.28,246,22.37,5.8,29.24
7.94,0.43,325,0.4,159,25.48,5.77,12.31
7.8,9.96,151,0.26,319,19.83,4.5,13.34
8.15,0.61,213,0.24,241,28.15,7.33,15.39
7.93,0.17,174,0.54,293,23.88,3.2,62.58
8.06,0.45,270,0.66,292,28.83,3.64,72.33
7.7,1.72,166,0.94,344,31.58,4.72,49.76
7.69,0.61,369,0.78,935,24.65,4.86,40.01
8.43,0.49,204,0.54,547,34.68,6.64,48.22
7.93,1.04,191,0.61,394,25.06,5.92,31.29
7.85,0.77,238,0.45,419,16.85,7.06,67.71
7.58,8.09,160,0.24,411,16.35,9.32,29.24
7.71,0.83,171,0.61,509,19.72,8.85,57.96
8.34,2.13,198,0.55,613,28.35,9.3,84.64
8.1,0.95,370,0.43,353,33.26,10.35,61.56
7.88,1.28,227,0.41,719,29.83,4.38,46.17
7.2,0.71,348,0.38,253,14.97,3.12,87.72
7.18,0.33,285,0.4,677,25.23,10.92,72.92
7.31,2.91,262,0.42,306,14.93,6.77,16.93
7.72,0.69,317,0.9,931,25.38,5.12,82.07
7.8,1.21,368,1.26,399,16.32,6.63,35.91
7.56,0.76,287,0.44,386,23.86,7.2,40.01
7.71,0.31,268,0.66,298,19.47,6.36,15.39
7.45,1.3,270,0.58,368,33.89,6.83,34.88
7.57,0.52,263,1.55,387,30.06,8.1,27.19
7.61,0.61,395,0.76,603,30.2,5.1,14.36
7.51,1.3,262,0.52,798,36.3,5.76,20.52
7.55,0.95,251,0.44,258,16.68,6.3,82.59
7.54,0.67,387,1.12,281,11.27,6.4,19.49
7.78,1.12,376,0.68,521,12.47,6.2,78.48
7.42,1.35,227,0.42,601,13.96,7.46,24.11
7.53,1.7,223,0.78,398,20.31,6.28,56.43
7.55,0.36,279,0.56,649,17.41,7.3,86.18
7.54,0.25,337,0.66,371,26.7,5.48,76.94
7.27,0.21,241,0.65,419,16.3,7.33,75.41
7.61,0.63,348,0.54,626,16.6,6.27,69.25
7.61,0.6,336,0.78,730,32.44,7.13,48.22
7.64,0.77,368,0.84,383,28.3,7.06,17.95
7.55,1.1,323,0.74,470,11.52,7.64,24.62
7.62,0.37,332,0.66,562,20.77,8.08,22.06
7.68,0.93,249,1.08,433,15.16,8.7,65.66
7.79,0.67,241,0.77,413,32.04,6.42,48.22
7.51,0.74,345,0.74,468,21.73,6.78,50.27
7.39,1.45,270,0.4,492,13.37,7.62,46.68
7.51,0.9,249,0.74,444,23.45,5.02,21.03
7.4,1.51,241,0.84,732,10.73,9.18,25.65
7.44,1.14,350,0.84,448,22.92,9.44,68.22
7.45,0.74,304,1,817,17.06,3.96,52.32
7.76,0.57,299,0.76,539,26.43,6.16,22.57
7.97,0.4,240,0.66,688,11.53,8.14,63.09
7.9,0.21,293,0.74,155,13.43,6.84,14.88
7.75,0.2,346,1.02,273,16.29,8.68,17.44
7.07,0.33,153,0.88,473,24.24,5.32,24.11
7.99,0.41,223,0.38,192,17.51,3.6,76.94
7.3,0.89,307,0.38,335,17.29,6.24,58.99
7.53,0.68,284,0.34,534,22.84,3.7,67.71
8.49,0.58,235,0.58,304,36.32,9.41,34.88
7.56,1.91,343,1.2,450,25.84,6.16,46.17
7.1,0.91,303,0.78,624,16.27,4.32,14.88
7.32,0.61,426,1.36,336,22.39,6.43,46.68
7.88,0.55,323,0.8,250,23.08,5.18,60.53
7.72,0.59,72,0.92,488,12.66,9.28,80.02
7.43,3.8,293,0.4,860,16.7,6.56,37.45
8.02,0.37,281,1.22,571,30.9,10.12,14.36
8.07,0.73,337,0.78,754,32.04,5.76,74.89
7.48,2.5,345,0.88,313,12.66,6.6,26.67
7.81,0.79,268,0.7,552,14.16,9.12,43.6
7.57,0.74,337,0.76,423,25.53,10.8,33.86
7.64,1.09,257,0.6,460,29.82,7.42,41.04
7.71,0.38,240,0.92,462,21.83,5.24,24.62
7.7,0.63,497,0.42,316,10.73,7.24,58.99
7.66,0.47,352,0.68,559,25.95,9.02,75.41
7.85,1.06,257,0.44,148,32.03,4.92,51.3
7.73,0.81,293,0.38,607,25.94,3.9,26.67
7.64,0.59,230,0.5,332,12.8,9.27,38.47
7.51,0.78,164,0.6,645,14.6,7.26,53.86
7.12,1.06,251,0.48,430,25.15,8.08,54.37
6.9,2.58,370,0.46,683,26.63,3.84,76.43
7.61,0.99,241,0.94,741,27.93,5.18,87.72
7.62,0.38,339,0.74,367,18.53,3.76,81.05
7.84,0.31,270,1.46,368,19.26,7.97,53.86
7.21,0.26,251,0.54,407,10.4,3.94,75.41
7.74,3.32,348,0.56,425,16.27,6.92,68.22
7.51,2.54,307,0.74,309,34.83,6.04,38.98
7.5,0.83,207,0.36,544,18.48,3.44,48.73
7.45,0.9,612,0.32,793,20.67,4.02,82.59
7.73,0.49,232,0.34,226,28.15,4.14,31.29
7.53,0.52,367,0.22,327,30.61,3.78,71.81
7.72,0.28,326,0.58,411,18.84,3.48,53.35
7.11,0.26,336,0.86,449,22.56,4.3,66.68
7.5,0.45,304,0.34,257,14.11,3.54,64.12
7.67,0.43,327,0.7,312,28.45,7.04,17.44
7.92,0.31,278,0.78,425,24.85,8.2,22.06
7.44,0.92,373,0.51,396,32.72,8.12,16.41
7.82,0.83,296,0.64,771,29.12,9.78,12.82
8.06,0.67,268,0.98,587,23.12,9.82,17.95
7.71,0.72,342,0.74,394,13.08,7.8,30.26
7.89,0.68,241,0.76,399,30.44,9.12,28.21
7.46,1.55,334,0.26,602,10.4,5.52,33.86
7.66,0.34,365,0.32,246,26.73,7.32,21.54
7.91,0.49,226,0.68,325,21.95,9.2,23.6
7.59,0.62,235,0.48,422,22.11,7.02,21.03
7.39,0.83,256,0.76,430,27.08,5.4,44.11
7.07,0.6,331,1.06,586,31.81,8.18,62.88
7.94,0.82,318,0.32,250,29.6,5.7,21.54
7.67,0.7,279,0.66,256,33.28,7.12,16.93
7.5,0.9,226,0.64,439,32.74,5.64,19.49
7.51,1.13,387,0.7,594,29.3,6.8,12.31
8.2,0.73,209,0.7,252,31.48,8.8,16.93
8.02,0.6,320,0.84,274,11.43,5.86,52.83
7.65,1.99,229,0.3,385,28.33,5.46,34.88
7.91,1.67,103,0.84,440,32.52,5.21,41.04
7.6,0.37,314,1.32,402,33.33,3.37,54.89
8.35,0.62,230,0.22,198,11.22,9.72,26.67
7.73,0.35,259,0.24,288,19.73,8.77,31.8
7.75,0.45,245,0.48,113,33.33,7.62,34.88
7.56,0.27,262,0.5,121,15.2,7.29,69.25
7.92,0.53,343,0.4,344,26.48,8.82,13.34
7.97,0.23,102,1.38,302,13.09,6.82,14.88
7.64,0.39,379,0.66,172,18.79,9.39,48.22
7.48,0.35,397,0.4,140,31.78,10.61,76.94
8.14,0.44,274,0.54,206,31.29,8.37,49.76
7.71,0.51,262,0.82,148,30.16,5.18,43.09
8.15,1.39,230,0.29,558,29.58,9.18,15.9
8.39,0.59,201,1.66,157,24.02,8.29,14.88
7.92,0.43,394,0.38,266,22.75,9.38,41.04
7.99,0.29,303,0.72,247,17.31,7.73,23.08
7.51,0.25,262,0.38,350,28.3,9.39,67.2
7.69,2.4,294,0.33,778,30.38,12.6,17.95
6.7,0.33,237,0.84,263,12.54,10.08,17.44
7.98,1.04,224,0.44,668,30.41,3.52,68.22
7.48,1.1,169,1.04,239,30.53,7.6,45.65
7.1,0.36,226,0.24,358,25.63,8.38,18.98
7.59,0.87,205,1.11,441,29.24,3.5,20.52
7.71,0.71,552,0.54,345,19.7,4.32,40.52
7.82,0.78,252,0.9,429,21.76,7.88,45.65
7.38,0.3,191,0.54,378,34.8,4.76,73.35
7.45,1.99,185,0.94,348,23.53,4.78,68.22
8.03,0.92,182,0.94,404,28.59,6.28,27.19
7.46,0.69,238,0.57,513,17.13,7.5,14.88
7.72,0.38,336,0.52,277,26.05,3.76,73.35
7.7,1.43,207,0.43,430,23.89,7.06,28.21
7.29,0.52,224,0.84,646,32.93,4.36,47.19
8.15,0.94,182,0.78,501,36.32,10.8,37.45
7.81,0.51,246,0.47,490,26.65,7.78,97.46
7.68,0.31,267,0.26,249,14.77,5.2,22.57
8.18,0.56,345,0.8,401,20.77,8.2,71.81
7.81,0.9,220,0.22,218,31.7,6.49,16.41
7.35,0.86,289,0.44,399,30.94,6.37,48.73
7.72,1.39,204,0.37,689,30.94,5.3,45.14
7.68,1.05,317,0.45,717,30.23,9.54,53.86
7.9,1.54,270,0.54,266,34.25,6.16,62.58
8.01,0.35,218,1.6,167,15.66,6.28,17.95
7.71,0.94,303,0.35,259,35.54,5.88,38.98
7.75,0.72,249,0.44,417,37.8,3.64,78.48
7.93,0.38,254,0.22,529,26.86,5.52,87.2
7.52,2.37,182,0.51,134,17.18,5.76,16.41
7.61,0.97,248,0.28,320,34.73,4.72,53.86
7.72,4.83,183,0.39,286,28.69,6.04,46.17
7.89,0.88,180,0.27,224,29.34,5.12,41.04
7.66,0.54,223,0.2,321,24.42,6.64,55.91
7.67,1.83,193,0.57,203,27.84,4.52,53.35
7.48,0.26,136,0.2,292,32.13,4.32,56.94
7.61,3.44,306,0.42,306,22.18,5.8,81.05
7.56,0.26,121,0.4,109,13.13,6.84,52.83
7,0.91,329,0.88,517,30.72,7.42,47.71
7.87,0.23,234,1.48,520,22.56,6.48,14.36
7.7,0.39,315,0.78,562,12.59,6.04,41.04
8.09,0.72,256,0.56,473,31.56,5.76,36.42
7.62,0.59,235,0.98,359,13.88,8.52,31.29
7.39,1.41,301,0.4,418,35.31,8.12,58.99
7.68,0.51,281,0.22,160,20.16,6.2,76.43
7.2,1.15,372,0.52,958,27.41,7.08,28.21
7.67,0.51,323,0.32,355,29.47,5.32,43.09
7.47,0.9,317,0.48,472,31.71,8.56,26.16
7.92,0.45,630,0.52,384,33.08,8.48,15.39
7.07,0.65,350,0.46,559,10.03,3.9,61.04
7.38,1.91,274,0.45,675,28.03,6.42,26.67
8.03,0.25,205,0.44,531,31.78,5.42,31.29
7.21,1.13,492,0.74,953,32.69,5.04,60.53
7.21,0.64,325,0.38,343,27.97,7.35,19.49
7.55,0.77,303,0.76,337,32.01,8.78,14.88
7.49,0.85,296,0.42,449,23.64,6.89,15.39
8.12,0.52,191,0.22,421,24.75,5.34,13.85
7.68,1.54,260,0.98,721,26.38,7.14,45.65
7.7,0.45,495,0.42,305,12.85,9.46,53.86
7.59,0.76,353,0.72,831,24.49,5.86,54.37
7.43,1.41,315,0.38,462,25.06,6.88,61.04
7.93,0.62,259,0.76,434,27.27,6.28,58.99
7.93,1.05,301,0.48,513,36.22,9.1,31.8
7.82,0.67,245,0.48,520,13.88,7.42,77.97
7.98,0.41,142,0.56,499,18.58,6.46,46.17
7.83,1.71,314,0.62,344,20.13,8.18,47.19
7.63,1.65,267,0.62,267,15.74,5.85,38.47
7.4,0.31,342,0.32,226,23.82,5.72,38.47
7.12,1.87,295,0.64,313,35.89,5.86,79.51
7.44,3.26,334,0.66,329,23.69,7.14,42.58
7.49,2.05,337,0.96,652,18.07,6.14,77.97
7.39,1.06,563,0.56,704,28.84,6.56,47.19
7.91,0.4,437,0.84,280,19.92,9.86,49.76
7.92,0.53,284,0.7,370,17.67,5.4,89.77
7.69,1.63,379,1.28,853,10.94,8.7,67.2
7.8,0.33,210,0.52,448,24.32,5.86,58.99
7.51,0.62,216,1.14,360,22.34,10.92,12.82
7.73,2.67,267,1.02,198,15.33,6.86,24.62
8.33,0.54,202,1.3,660,33.86,6.02,70.28
7.67,0.9,199,0.4,504,12.61,6.78,23.08
7.68,0.56,289,0.36,364,12.24,7.4,80.53
8.88,0.79,146,0.34,298,19.31,5.16,80.02
7.56,3.33,172,0.54,824,24.07,8.02,24.11
7.63,0.68,188,0.38,302,13.98,6.86,34.88
8.03,0.68,172,0.24,488,31.68,7.48,69.25
7.49,2.55,135,0.5,907,28.66,5.24,70.79
7.76,0.68,232,0.46,741,10.94,7.48,78.84
7.7,0.43,342,0.64,402,15.44,7.24,20.01
7.69,0.87,267,0.48,793,27.13,6.28,25.14
7.32,0.19,252,0.38,363,28.55,10.82,69.76
8.31,0.97,220,1.24,642,27.32,5.92,24.11
7.78,1.13,252,0.6,680,11.19,6.86,74.89
8.48,1.38,187,0.76,423,32.21,5.76,17.44
8.49,1.08,187,0.46,884,30.51,8.2,34.88
7.36,3.04,279,0.86,142,22.65,5.22,83.1
7.1,1.28,462,0.62,304,16.47,8.12,98.49
7.49,5.67,443,0.46,546,32.09,6.62,18.47
7.29,1.06,257,0.6,446,18.17,8.08,18.98
7.52,5.93,374,0.38,523,28.81,8.66,14.88
7.49,0.75,240,0.76,622,35.97,9.3,37.96
7.82,0.36,220,0.3,534,31.68,7.6,32.32
7.77,0.84,208,0.76,194,22.36,8.12,22.57
7.64,0.61,393,1.22,203,23.88,5.38,17.44
7.53,0.51,254,1.04,862,29.87,5.72,42.58
7.66,0.44,254,0.36,517,34.7,9.96,24.11
8.42,0.49,196,0.66,196,25.59,6.72,24.11
7.72,0.44,197,0.36,472,36.42,8.12,46.17
7.95,0.63,175,0.56,379,27.89,9.32,17.95
8.05,0.88,268,0.96,362,23.99,6.84,69.76
7.43,0.67,246,0.3,269,31.22,8.88,15.39
7.76,0.42,334,0.3,409,16.75,8.2,19.49
7.65,1.9,318,0.5,391,35.99,5.3,18.98
7.57,0.45,296,0.62,246,19.26,6.6,17.95
7.25,0.97,367,0.69,935,22.29,9.76,32.83
7.66,0.49,287,0.36,516,20.82,5.5,18.98
7.48,2.02,181,0.38,306,35.33,5.2,41.04
7.88,0.51,227,0.52,477,27.56,6.38,40.01
8.55,1.76,268,0.74,271,11.65,6.14,53.86
7.18,2.77,328,0.7,737,23,5.36,86.18
7.93,0.57,278,0.64,356,33.86,7.24,84.13
7.88,1.26,537,0.68,228,34.95,8.34,53.86
7.45,0.92,279,1.1,427,28.1,9.94,26.21
7.65,1.47,329,0.46,578,28.89,6.04,21.03
7.5,0.86,287,0.6,918,32.55,14.98,78.48
8.06,0.53,211,0.28,513,22.21,6.32,23.08
7.82,0.32,290,1.2,899,30.23,5.66,54.37
7.3,0.81,364,0.56,679,26.96,12.68,24.62
7.95,0.51,264,0.82,546,11.91,9.76,79
8.05,0.45,329,0.56,301,14.09,6.28,21.03
7.78,0.44,276,0.4,312,19.7,7.76,41.65
8.58,0.67,282,1.04,202,30.13,6.38,17.95
7.17,1.58,287,0.56,435,25.91,7.88,79
8.07,0.9,205,1.22,311,23.18,3.56,33.86
7.62,0.47,205,0.38,273,38.64,9.82,65.66
7.84,0.44,273,0.55,340,14.85,4.45,94.87
7.64,0.73,281,0.36,396,36.76,6.48,26.16
7.34,2.01,401,0.48,395,33.31,5.42,53.86
7.79,3.44,212,0.22,220,14.7,10.44,22.57
7.44,2.41,227,0.22,543,19.47,7.87,90.79
7.45,0.97,343,0.64,616,13.55,8.82,77.46
7.66,0.58,162,0.28,482,23.45,9.26,35.91
7.79,0.63,231,0.22,182,29.75,8.77,53.35
7.58,1.22,278,0.4,660,28.51,3.52,69.25
7.73,1.04,270,0.36,438,27.52,6.84,65.15
7.71,1.82,262,1.02,263,34.72,5.86,66.17
7.81,0.61,386,0.24,755,23.61,6.82,27.19
7.72,0.98,668,0.75,620,16.68,6.48,40.01
7.74,0.35,332,0.78,282,23.15,4.02,81.56
7.21,1.14,350,1.38,720,25.13,7.28,70.28
7.51,0.59,394,0.42,550,11.57,4.24,63.61
7.81,0.92,188,0.3,558,16.83,8.38,68.74
7.31,0.65,296,0.66,270,36.27,4.3,60.53
8.26,0.74,262,0.4,265,29.1,7.87,74.89
7.76,0.42,282,0.2,384,22.87,4.38,81.56
7.9,1.61,287,0.34,233,35.51,3.6,75.92
7.91,0.46,246,0.51,237,17.56,6.98,87.2
7.16,1.13,198,0.68,223,28.94,3.48,35.91
7.35,0.84,665,0.5,725,26.75,5.77,54.89
7.85,0.96,292,1.2,417,36.02,10.61,64.12
7.62,3.93,245,0.44,573,21,6.39,29.75
7.79,0.26,317,0.84,163,23.27,8.37,12.31
7.48,0.62,285,0.5,544,15.51,6.74,64.63
7.75,1.35,295,0.62,438,31.6,4.18,79.51
7.26,0.45,502,0.28,188,10.87,4.3,58.48
7.34,0.21,648,0.78,573,13.63,6.27,83.61
7.49,0.8,312,0.34,208,26.55,3.76,44.63
7.41,0.61,304,0.26,786,31.88,6.94,83.1
7.62,2.71,262,1.02,347,32.27,6.24,62.58
7.56,1.68,274,0.76,660,28.18,7.16,15.39
8.63,0.67,304,0.58,187,30.24,5.42,13.34
7.66,2.44,209,0.2,786,29.29,5.66,71.81
7.24,0.48,207,0.36,159,19.37,5.92,63.09
7.34,1.27,274,0.46,195,35.06,7.48,81.05
7.55,1.09,213,0.54,169,37.13,4.76,63.09
7.74,0.68,419,0.35,505,18.4,7.56,47.19
7.35,0.52,300,0.94,161,29.77,6.86,88.74
7.55,1.51,312,0.76,631,30.01,8.5,72.84
7.55,0.61,646,1.3,995,22.69,4.3,80.02
7.46,0.24,386,0.28,512,17.67,3.94,73.87
7.53,0.42,278,0.71,453,18.27,7,91.82
7.66,0.61,336,0.61,628,39.29,6.4,56.43
7.24,0.66,383,0.64,341,21.68,3.84,80.53
7.91,0.38,315,0.76,285,30.74,4.18,79
7.64,0.97,365,0.84,465,17.19,5.76,14.88
7.69,1.18,301,0.3,446,28.86,7.18,35.91
7.34,1.63,296,0.54,391,36.28,6.86,35.91
7.16,1.87,210,0.88,519,20.94,5.16,77.46
7.76,0.52,216,0.76,603,23.66,7.42,24.11
7.63,1.98,266,0.76,637,31.3,8.14,23.6
8.05,1.8,262,0.72,429,29.16,6.62,23.08
7.92,0.68,263,0.6,496,28.51,5.56,43.6
7.5,7.63,224,1.02,388,21.19,9.38,21.54
7.5,1.14,305,0.38,376,32.37,8.3,26.67
8.17,1.16,215,0.34,426,24.17,6.4,17.95
7.62,0.8,234,0.88,274,37.01,7.46,21.54
8.22,0.59,201,0.46,551,24.32,5.08,14.88
8.09,0.3,258,0.46,274,13.6,7.12,28.43
7.89,1.74,241,0.5,789,31.05,9.44,21.54
7.59,3.9,344,0.88,407,33.36,6.99,83.26
7.84,1.88,177,0.66,622,32.77,9.18,21.03
8.07,0.91,364,0.38,411,33.67,7.68,22.57
7.94,0.18,249,0.7,870,27.89,6.66,16.41
7.86,0.86,219,0.36,409,27.51,5.06,17.95
7.61,1.19,217,0.54,438,31.5,8.3,32.32
8.03,1.07,340,0.6,591,19.83,6.84,55.91
8.22,0.59,225,0.4,314,23.17,9.46,17.44
7.69,1.27,387,0.48,453,24.61,8.9,23.6
7.51,0.77,325,0.62,546,31.83,5.42,36.42
7.79,1.22,282,0.3,607,33.07,7.34,62.07
7.79,1.53,183,0.42,371,32.34,6.2,29.24
7.5,0.66,266,0.6,488,15.86,6.18,33.34
7.64,0.58,263,1.04,831,25.67,6.38,24.11
7.35,0.73,356,1.08,523,31.7,6.38,53.86
7.93,0.39,373,0.36,293,25.99,6.3,26.16
8.46,0.54,254,0.46,348,26.17,7.16,36.42
7.46,0.51,364,0.56,628,17.75,5.76,66.68
7.54,0.42,251,0.38,190,16.19,5.4,15.9
7.3,0.72,328,0.4,371,36.89,5.7,65.66
7.66,0.35,332,1.08,657,12.36,9.46,34.88
7.54,0.41,232,0.34,192,13.38,8.74,47.71
7.82,0.38,221,0.72,538,12.59,10.42,21.03
7.33,1.14,408,0.32,562,34.57,7.36,68.22
7.69,0.39,311,0.46,297,14.42,8.78,44.63
7.56,0.51,238,0.58,503,27.82,10.12,46.17
7.88,0.31,260,0.86,435,11.78,7.46,23.6
7.25,1.43,406,0.78,691,33.17,10.4,44.11
7.09,0.4,351,0.34,319,24.65,4.78,18.47
7.94,0.25,207,0.58,480,22.16,6.42,30.78
7.64,1.94,403,1.08,564,35.18,9.36,34.88
7.76,0.51,257,0.8,564,27.39,10.42,62.07
7.39,0.93,412,0.32,503,33.12,4.72,33.34
7.23,0.77,389,0.4,409,19.73,5.16,69.25
7.83,0.59,212,0.7,336,18.5,7.98,44.63
7.68,0.69,306,1.28,505,33.23,6.86,13.85
7.41,1.25,265,0.42,829,31.68,3.88,63.61
7.49,0.4,251,0.39,161,16.83,10.82,17.95
7.74,2.09,237,0.94,434,31.76,8.58,26.16
7.27,1.92,282,1.02,839,31.52,4.2,16.41
7.16,1.06,356,0.26,536,30.26,6.22,48.73
7.22,1.14,362,0.53,356,31.98,5.86,41.04
8.65,1.42,204,0.82,566,24.06,6.8,20.01
7.86,0.71,227,0.76,427,13,5.24,30.26
7.61,0.88,336,0.4,249,30.67,10.08,78.48
7.43,3.96,237,0.3,195,30.41,5.94,10.77
7.27,1.62,362,0.79,818,31.75,9.18,55.4
7.52,0.72,303,1.08,543,17.87,6.02,32.32
7.75,1.9,224,0.3,165,29.54,5.86,13.34
7.52,0.54,265,0.36,589,28.46,6.38,49.76
7.61,0.89,375,1.06,419,10.2,9.04,43.6
7.45,1.35,290,0.8,450,35.15,7.42,36.42
7.67,0.43,321,0.46,953,12.24,5.28,21.03
7.99,0.26,232,0.42,519,23.31,6.48,30.78
7.61,1.54,370,0.24,340,26.5,6.22,24.11
7.6,1.06,196,0.26,273,18.88,6.38,15.9
7.96,0.61,257,0.26,281,18.89,6.96,40.01
7.48,0.55,337,0.3,480,24.88,7.28,50.78
8.13,0.48,306,0.46,196,32.04,7.42,12.31
7.99,0.67,405,1.2,370,28.53,5.48,68.22
7.48,1.59,268,0.74,771,34.29,5.04,43.6
7.9,0.55,364,0.38,270,15.14,6.56,16.93
7.75,0.6,278,0.36,290,25.44,5.8,18.98
7.44,0.52,311,0.24,399,15.48,5.36,17.95
7.74,0.68,274,0.74,418,11.75,7.76,40.01
8.16,0.34,282,0.68,512,14.62,6.88,22.56
7.77,0.28,146,1.04,644,13.2,9.11,10.77
7.67,0.67,416,0.26,529,13.04,6.62,44.63
7.69,0.83,343,0.34,456,30.94,9.1,40.01
7.68,0.19,384,1.04,531,17.75,6.82,20.01
7.58,0.52,273,0.72,694,29.47,10.02,66.68
7.13,0.5,472,0.68,388,21.8,8.1,70.28
8.05,1.02,209,0.32,458,28.48,7.3,44.11
7.94,0.34,243,0.76,271,17.44,5.42,25.65
7.44,1.25,381,0.3,460,11.48,5.16,48.22
8.19,0.48,259,0.7,450,14.73,8.88,17.44
7.97,0.88,274,0.78,688,28.41,6.34,40.52
7.68,0.49,384,0.72,423,29.44,7.42,12.31
7.31,0.78,387,0.76,659,10.08,6.18,70.28
7.15,0.69,485,0.48,388,17.93,9.02,70.28
7.88,0.17,387,0.24,413,28.91,6.04,21.54
7.23,0.7,367,0.44,603,16.63,6.28,20.01
7.56,0.36,249,1.02,444,34.06,5.68,15.39
7.18,0.48,310,0.76,372,14.37,5.16,21.54
7.46,0.47,311,0.44,152,34.62,5.88,51.81
7.35,0.48,392,0.26,308,11.19,5.15,26.16
7.81,0.43,243,0.28,226,10.92,6.14,17.95
7.65,2.56,278,0.86,496,33.18,8.18,29.24
7.31,1.17,342,0.5,204,18.73,6.18,26.67
7.14,1.08,289,0.4,531,30.05,6.16,29.75
7.82,0.22,215,0.24,155,24.83,5.94,14.88
7.94,0.18,263,0.94,461,19.16,7.16,25.14
7.22,1.92,281,0.66,864,14.03,6.78,63.61
7.63,0.6,240,1.08,531,18.66,7.7,28.73
7.25,2.7,427,0.44,142,22.74,6.4,55.91
7.82,0.62,196,0.72,308,31.37,7.38,13.85
7.94,0.57,401,0.48,406,23.27,5.78,15.39
7.69,0.47,218,0.76,276,32.8,6.04,11.8
7.39,9.1,300,0.42,409,29.4,5.4,54.37
7.26,3.52,272,0.86,321,25.43,5.14,70.28
7.7,1.2,386,0.24,422,11.25,5.3,33.86
7.77,0.19,215,0.22,164,13.76,5.76,60.02
7.83,0.28,267,0.3,629,14.69,5.32,40.52
7.13,1.05,307,0.88,703,30.33,5.32,60.02
7.52,0.74,182,0.64,507,33.96,8.66,24.62
7.07,0.76,336,0.84,595,23.11,6.78,84.13
7.82,0.34,274,1.24,405,16.12,5.86,16.41
7.11,0.39,80,0.34,305,13.58,9.12,30.78
7.64,0.66,385,0.36,388,30.67,5.58,35.39
7.58,0.95,249,0.52,396,17.09,7.42,23.6
7.15,1.46,315,0.7,531,13.2,7.12,67.17
7.53,0.66,387,0.68,892,31.4,7.48,76.28
7.11,0.96,274,0.78,509,31.98,9.24,60.53
7.71,0.48,331,0.36,379,24.83,5.44,16.41
7.45,0.36,287,0.26,348,16.27,5.48,48.22
7.52,1.04,267,0.92,958,34.7,8.84,52.83
7.58,0.79,438,0.86,538,32.46,6.8,50.27
7.91,0.72,296,0.28,524,23.28,5.56,29.75
7.58,0.47,183,0.56,634,21.27,5.08,22.06
7.54,0.49,267,0.4,332,23.23,5.56,39.5
7.52,0.44,207,0.52,351,11.37,7.36,29.75
7.6,1.47,381,0.64,616,23.94,9.02,42.06
8.19,0.27,192,0.62,429,20.71,9.1,15.39
7.6,0.8,307,0.38,367,35.01,9.4,36.42
7.79,1.07,207,0.34,313,17.8,5.92,66.17
7.81,0.76,698,0.46,396,23.63,8.24,26.16
7.98,1.25,453,1.24,735,16.2,9.4,27.19
7.9,0.56,268,0.48,333,12.9,8.2,24.11
7.32,1.84,196,0.42,160,24.01,5.28,21.54
7.29,0.91,296,0.64,344,10.66,8.78,21.03
8.2,0.54,218,0.42,319,12.33,5.22,26.16
7.58,0.97,252,0.66,672,14.8,5.1,11.29
8.18,0.59,226,0.42,704,12.18,6.42,17.44
8.08,0.31,205,0.42,546,10.77,5.46,28.21
7.56,0.87,303,1.2,457,25.58,7.42,38.47
8.58,0.45,252,0.32,183,30.9,5.74,19.49
7.86,0.77,356,0.36,735,33.54,5.8,90.79
7.55,2.47,243,0.68,228,33.05,9.78,42.06
7.37,3,331,0.52,823,22.46,6.56,24.62
8.16,0.28,215,1.4,359,12.19,6.64,16.41
7.89,0.79,301,0.84,450,28.03,6.18,87.72
7.91,0.26,204,0.32,155,18.03,7.68,55.91
7.76,1.91,295,0.4,675,15.03,5.52,31.8
7.6,0.49,232,0.48,293,31.98,5.36,21.54
7.85,0.71,191,1.04,257,24.35,7.78,37.96
7.5,1.05,323,0.44,519,31.7,7.6,22.57
7.26,1.2,448,0.5,531,30.03,8.18,78.48
7.1,0.78,359,0.7,503,22.32,7.2,81.05
7.53,0.82,397,0.7,415,23.56,5.84,65.66
7.83,1.57,136,0.62,144,25.92,5.68,12.31
8.06,0.85,259,0.68,171,14.95,6.18,11.29
7.69,0.38,309,0.3,450,15.38,6.58,78.48
7.62,0.8,295,0.74,234,25.62,10.42,76.43
7.65,0.47,329,0.36,627,20.54,7.08,42.58
7.09,0.79,316,0.94,511,30.82,6.26,87.72
7.57,0.65,318,0.78,817,28.1,9.7,48.73
7.48,0.33,354,0.78,196,21.67,7.78,15.39
7.44,0.63,304,0.74,675,29.07,6.54,22.57
7.78,0.52,298,0.68,320,26.4,7.48,15.9
7.83,0.42,326,0.76,528,14.32,8.04,80.02
7.95,0.29,221,1.08,382,12.23,9.08,31.8
7.74,1.91,243,0.34,360,25.99,7.42,15.9
7.59,2.76,223,0.68,466,27.6,5.2,22.06
7.19,2.13,310,0.42,552,35.29,8.48,69.25
8.37,1.22,254,0.48,259,34.67,7.88,31.29
7.68,0.46,334,0.78,692,27.31,6.84,81.05
7.8,0.4,188,0.76,742,22.06,7.32,55.4
7.76,0.36,196,0.38,374,30.38,8.94,86.18
7.35,2.61,304,0.48,508,22.96,9.28,59.5
7.34,0.46,378,0.22,233,17.94,5.52,26.67
7.76,0.7,381,0.48,320,12.97,8.08,28.73
7.58,0.48,183,0.98,669,16.22,6.42,50.27
7.58,3.59,320,0.4,388,28.45,8.76,63.09
7.87,1.2,350,0.56,375,30.81,5.26,20.01
8.32,1.74,288,1.08,222,28.88,6.86,16.41
7.63,1.54,188,0.7,492,26.81,6.78,38.47
7.34,2.42,191,1.2,485,21.19,8.48,47.71
7.79,0.38,270,0.7,348,33.18,6.48,72.33
7.62,1.58,221,1.28,536,32.51,8.8,82.59
7.55,1.48,257,1.04,508,34.57,5.68,26.16
7.26,0.25,389,0.26,444,10.97,6.6,49.24
7.63,0.63,185,0.76,296,23.05,5.28,44.63
7.96,0.52,277,0.74,405,29.02,6.48,69.25
7.14,0.39,444,0.24,402,22.89,7.9,40.01
7.86,1.5,398,0.78,571,21.83,9.2,69.76
7.68,0.64,249,0.78,323,14.8,8.48,84.64
7.77,0.86,384,0.48,437,32.29,7.48,51.81
8.11,0.58,196,0.58,278,10.91,5.8,31.29
7.74,0.69,260,0.84,656,20.08,5.78,55.91
8.04,0.26,368,1.08,288,34.6,7.42,55.91
7.22,3.18,285,0.6,540,32.32,7.01,28.21
7.89,0.38,316,0.46,461,20,10.42,73.87
7.52,0.73,298,1.4,437,11.01,6.6,64.12
7.51,1.42,282,0.74,802,25.43,6.86,77.46
7.86,0.43,207,0.77,536,25.92,9.24,25.14
7.34,3.33,256,0.4,206,22.26,6.86,40.51
7.89,0.44,354,1.2,585,34.98,7.48,52.33
7.68,2.6,279,0.42,590,27.72,6.98,73.88
8.06,0.51,180,0.42,157,24.3,6.66,15.9
7.54,1.1,205,0.58,749,21.12,7.86,28.21
7.13,3.41,199,0.38,532,33.48,5.46,21.54
7.94,0.66,252,1.04,290,31.88,5.48,18.47
8.14,0.42,190,0.56,227,18.1,6.12,14.36
7.44,1.03,237,0.2,138,29.82,8.86,77.97
7.79,0.8,256,0.88,349,30.94,5.16,30.26
7.61,0.8,188,0.78,546,20.41,8.68,35.91
7.18,1.06,381,0.42,750,21.53,7.16,25.65
7.71,0.67,215,0.58,453,18.89,8.42,36.93
8.03,0.76,235,0.48,127,30.9,8.8,16.41
8.19,0.38,252,0.32,156,14.83,7.44,58.99
7.75,0.69,243,0.6,504,12.87,9.2,40.52
7.5,0.64,339,0.34,759,23.64,5.78,76.43
7.75,1.28,298,0.8,360,22.65,7.42,23.6
8.24,0.45,185,1.1,368,19.34,7.32,19.36
7.99,1.78,212,0.78,478,13.36,6.36,16.93
7.89,0.45,194,0.64,441,12,10.6,18.47
7.84,2.53,194,0.76,676,22.14,8.8,87.2
7.14,0.51,204,0.94,659,27.79,7.8,51.41
7.38,1.62,249,0.52,192,29.87,8.16,28.21
7.25,0.48,218,0.82,445,22.28,8.18,16.93
7.53,1.3,257,0.74,974,30.79,6.16,61.04
7.18,0.46,209,0.92,542,26.7,6.26,14.88
7.46,0.68,188,0.68,419,31.22,8.02,48.73
7.66,1.05,224,0.54,666,30.28,5.16,23.08
7.81,0.89,210,0.88,474,27.84,9.78,40.01
7.2,0.44,256,0.92,457,23.03,4.8,36.93
7.65,0.57,364,1.22,442,24.21,6.46,29.24
7.64,0.55,299,0.78,659,33.58,5.8,65.15
7.99,0.37,184,1.08,429,11.32,7.42,35.39
7.74,1.67,251,0.7,762,34.27,6.16,70.79
8.07,0.52,298,0.68,312,33.1,8.44,26.16
7.04,0.59,176,0.84,296,16.55,5.32,38.98
7.91,0.35,315,1.04,469,18.1,4.78,84.13
7.32,0.5,207,0.64,406,12.93,9.2,19.49
7.21,3.54,353,0.44,469,26.8,6.12,69.76
7.03,0.37,210,0.55,618,17.82,3.22,16.41
7.54,1.2,263,0.58,540,26.76,5.16,47.71
7.45,1.66,459,0.96,478,34.02,6.16,17.93
7.58,0.68,198,0.46,496,31.05,8.18,15.39
7.38,0.75,224,0.52,454,13.79,5.16,16.41
7.54,1.32,336,0.48,462,33.16,8.32,66.68
7.24,0.23,426,0.68,215,10.82,6.16,24.11
7.58,0.65,243,0.4,637,27.06,10.14,27.7
7.17,0.62,172,0.61,445,18.15,6.06,14.88
7.08,0.43,216,0.58,612,30.03,7.42,18.47
7.97,0.38,223,1.06,417,23.86,5.22,17.44
7.63,0.85,303,0.3,216,21.32,5.04,43.09
7.53,0.25,172,1.18,431,17.18,6.84,18.47
7.26,0.54,229,0.66,474,13.48,4.52,16.41
7.13,0.54,309,0.72,336,12.34,8.42,32.83
7.34,0.69,356,0.64,645,17.46,6.46,40.01
7.12,0.26,252,0.56,177,30.34,6.4,33.34
7.46,0.41,201,0.86,453,25.61,4.32,18.47
7.84,1.16,216,0.84,769,19.27,6.16,61.04
7.51,0.64,191,0.42,487,22.21,7.6,63.09
7.08,0.35,183,0.63,703,17.9,5.34,20.01
7.49,0.46,466,0.36,438,12.08,8.2,33.34
7.72,0.79,180,0.68,305,33.92,5.88,23.08
7.68,0.47,243,1.3,371,26.13,6.04,24.11
7.46,2.12,274,1.2,395,16.25,7.48,62.58
7.5,0.3,226,1.4,519,12.29,10.92,41.04
7.42,0.94,209,0.56,157,22.03,6.86,33.59
7.55,0.38,375,0.96,593,23.91,7.76,33.34
7.58,1.87,307,0.6,531,31.91,5.42,42.58
7.23,0.44,187,0.58,462,26.25,6.46,34.37
7.29,0.83,256,0.76,970,23.38,4.4,50.27
7.54,0.61,268,0.68,456,31.42,6.84,68.22
7.45,0.58,254,0.94,206,27.8,4.76,13.85
7.57,2.11,232,1.02,490,28.88,8.2,69.25
7.21,0.47,347,1.02,146,29.83,5.04,75.92
7.39,0.38,290,0.78,719,14.42,8.72,76.43
7.09,2.04,292,0.84,398,21.93,4.64,21.03
7.37,0.64,256,0.36,194,23.58,7.42,14.36
7.61,0.98,232,0.84,456,33.91,8.92,43.6
8.35,0.78,176,0.4,230,31.36,8.84,37.96
7.42,0.57,237,0.68,304,28.23,5.1,33.86
7.46,0.63,278,0.38,288,18.56,6.84,61.56
8.34,1.2,177,0.78,183,18.43,6.86,42.06
7.5,0.84,619,0.66,512,12.71,6.3,43.09
7.95,0.58,265,1.46,196,15.84,7.48,48.73
8.15,1.78,220,0.88,214,21.86,10.22,56.43
7.53,0.78,241,1.36,188,29.63,9.08,44.11
7.84,0.46,293,0.38,536,31.07,6.18,17.95
7.16,0.79,215,0.52,511,16.81,7.4,30.78
7.01,0.64,289,1.02,520,20.03,4.78,12.31
7.32,1.24,284,0.76,660,24.22,5.24,49.76
7.31,0.35,265,0.48,231,42.03,7.8,75.92
7.04,0.27,185,0.52,677,17.52,7.16,11.29
7.25,1.17,174,0.65,603,11.02,6.24,28.93
7.88,0.61,213,0.66,403,18.48,6.52,11.8
7.27,0.24,209,0.7,395,21.12,8.06,15.9
7.33,0.47,280,0.94,499,29.75,8.06,25.65
7.42,0.39,185,0.36,348,23.2,8.36,68.22
7.12,0.38,229,0.68,516,24.34,5.78,15.9
7.97,0.52,221,0.78,224,14.55,7.46,21.03
7.81,0.89,296,0.38,298,28.81,6.16,72.84
7.99,1.35,262,0.92,839,34.3,6.88,56.94
7.73,2.41,212,1.28,401,15.44,6.36,10.77
7.67,0.6,110,0.58,543,24.16,5.42,37.96
8.27,1.38,216,0.64,212,19.83,5.48,17.44
7.87,1.53,218,1.42,484,22.47,8.2,32.83
7.2,0.76,179,0.96,648,28.48,6.16,24.11
7.02,0.87,198,0.34,699,23.15,6.46,25.14
7.19,0.54,241,0.44,645,28.61,6.26,40.01
7.47,0.62,245,1.02,409,14.22,8.7,37.45
8.19,1.62,207,0.64,212,29.22,6.4,32.83
7.7,2.17,268,0.8,392,31.12,7.48,18.47
7.2,0.42,194,0.98,284,12.09,8.42,23.6
7.89,0.47,392,0.66,396,14.65,6.84,65.66
8.16,1.46,187,0.78,274,21.45,9.48,32.83
7.55,2.43,290,0.78,474,27.09,8.06,34.37
7.6,0.93,282,0.48,380,32.51,6.92,68.22
7.82,1.29,188,0.46,751,17.04,8.2,39.5
7.77,3.03,359,0.76,383,22.72,7.42,53.35
7.62,0.85,306,0.84,574,17.13,7.4,39.5
8.06,0.77,299,0.28,483,19.34,5.2,57.48
7.32,4.27,179,0.76,796,33.79,5.52,36.42
7.72,0.66,265,0.64,319,12.66,8.48,32.32
8.09,0.85,235,0.8,293,28.17,6.86,49.36
7.65,0.88,359,0.66,628,10.94,8.16,43.09
7.49,0.53,187,1,329,31.32,5.1,20.52
7.02,0.41,191,1.02,380,12.77,6.16,17.44
7.24,0.48,181,0.98,586,31.44,6.16,21.54
7.45,1.38,375,0.72,504,14.98,6.16,15.9
7.19,0.43,284,0.68,785,32.34,5.88,17.44
8.11,1.13,218,0.64,402,24.37,5.76,59.5
8.03,1.22,293,1.2,693,29.04,7.12,27.7
7.32,0.45,307,0.56,430,13.63,8,61.56
7.17,0.52,273,0.58,254,29.01,7.42,56.94
7.54,0.85,281,0.64,156,23.27,7.84,48.06
7.75,0.38,232,0.98,411,17.08,6.42,28.73
7.81,1.33,306,0.66,313,25.13,5.48,75.92
8.1,1.8,213,1.24,360,21.88,9.48,41.55
7.75,0.44,251,1.2,485,19.08,7.32,21.59
8.14,2.72,339,0.74,493,24.26,8.48,47.19
8.05,0.35,347,1.04,298,26.81,5.88,28.21
7.57,0.83,202,0.76,148,23.15,5.7,21.03
7.91,0.58,199,0.3,491,22.95,7.42,18.98
7.88,2.5,209,1.4,333,21.43,5.78,19.49
8.1,1.51,229,0.74,251,18.18,9.4,33.34
7.97,2.95,168,0.72,294,19.52,6.86,57.96
8.54,0.37,262,0.42,207,16.86,7.42,36.42
7.64,2.16,259,1.36,581,24.83,5.76,76.43
8.31,2.67,307,0.56,300,19.31,6.86,29.24
7.72,1.14,306,0.76,566,30.72,8.68,34.37
8.01,0.93,266,0.8,861,19.64,6.42,30.26
7.65,0.98,251,0.96,151,26.05,5.22,53.86
7.83,0.62,287,1.04,216,18.86,6.02,36.93
7.51,1.13,359,0.48,305,32.29,5.04,54.37
7.87,0.93,158,0.74,711,23.88,6.68,20.01
7.59,0.33,252,0.48,204,12.75,8.56,60.53
7.67,0.38,190,0.62,438,22.44,8.54,15.39
7.87,1.29,251,0.52,527,14.57,7.46,38.98
7.93,1.06,196,0.58,204,12.95,7.32,35.91
7.61,0.61,213,0.76,457,19.65,8.86,22.57
7.9,1.26,182,0.44,314,29.7,7.12,29.75
7.43,2.79,142,1.08,564,31.5,7.42,19.49
7.63,2.56,119,0.66,206,24.83,8.38,14.36
7.65,0.73,220,1.4,442,23.38,8.8,21.03
7.86,0.78,227,0.42,960,19.68,7.56,58.99
7.92,1.08,246,0.74,816,31.14,6.46,51.81
8.31,0.47,353,0.28,444,10.54,6.86,75.41
7.75,1.5,182,0.39,175,28.17,6.48,22.57
8.19,1.71,298,0.64,333,34.32,6.16,13.34
8.33,0.54,210,0.32,544,10.74,6.86,52.32
7.91,0.58,210,0.28,680,34.49,5.22,40.52
7.89,0.55,320,0.32,785,16.98,5.48,27.19
8.11,0.54,199,0.4,350,22.19,9.02,31.8
7.84,0.92,310,0.44,188,17.62,6.22,12.82
7.68,2.28,220,0.42,917,24.34,6.3,55.4
7.69,0.81,144,0.9,704,25.59,6.3,19.49
7.62,0.21,180,0.74,289,28.99,6.35,17.44
7.89,1.7,183,0.78,177,32.24,7.52,31.8
7.9,1.08,216,1.22,476,28.79,8.08,11.29
7.66,1.58,180,0.86,156,10.76,8.36,20.52
7.55,4.84,256,0.58,202,27.32,5.92,23.08
7.59,0.62,227,0.7,384,31.43,8.16,26.67
7.87,0.26,198,0.42,439,19.97,5.84,49.76
7.55,0.77,340,0.6,403,25.53,7.08,52.83
7.74,1.2,179,0.34,308,17.18,6.48,23.08
7.58,0.48,151,0.72,380,31.01,5.22,38.47
8.41,0.45,315,0.8,190,23.15,9.4,34.88
7.45,1.35,297,0.44,307,30.81,9.16,44.11
7.68,0.69,388,0.44,827,30.06,5.28,26.67
7.69,0.83,333,0.38,489,11.73,5.22,34.37
8,1.16,177,0.48,473,28.3,8,26.67
7.96,0.37,227,0.74,421,34.32,7.56,19.49
7.58,0.79,305,0.32,613,34.01,6.45,30.26
7.9,0.89,220,0.46,837,32.03,10.92,33.34
8.01,0.3,198,0.62,309,27.65,8.72,17.44
8.1,0.64,138,1.04,177,31.12,5.28,25.65
7.61,0.69,273,1.12,657,30.24,8.2,14.88
7.97,0.91,183,0.84,281,24.63,6.76,36.42
8.04,0.97,196,0.38,254,34.06,8.08,21.54
7.5,1.05,462,0.58,242,33.96,5.78,15.9
7.54,2.32,323,0.32,805,29.98,5.76,58.48
8.16,0.47,177,0.3,732,23.41,6.18,29.75
7.91,0.49,373,0.4,261,33.73,6.18,35.39
7.74,0.68,257,0.44,438,28.91,6.24,29.24
7.83,1.58,307,0.54,649,31.35,6.46,79.51
8.6,0.29,174,0.76,216,37.19,7.48,46.17
8.02,1.28,331,0.7,640,33.1,5.52,11.29
7.58,0.49,144,0.76,879,30.18,5.76,12.31
8.17,0.35,210,0.82,316,29.83,6.56,33.86
7.81,0.76,298,0.56,422,32.34,5.48,24.11
7.9,1.6,227,0.44,263,12.99,7.92,30.26
7.81,0.52,152,0.76,620,22.03,8.06,25.14
7.95,1.15,289,0.62,911,23.23,8.9,13.85
7.79,4.89,224,0.82,316,30.39,9.44,30.26
8.2,0.73,215,0.28,542,24.01,5.46,19.49
8.4,0.94,199,0.44,398,11.2,7.6,27.7
7.76,4.17,306,0.78,634,20.34,6.56,18.47
8.16,0.28,232,0.89,360,16.71,7.56,29.75
7.67,0.67,278,0.6,363,33.23,10.12,44.63
7.65,1.76,298,0.6,445,19.16,5.42,40.01
8.15,0.56,250,0.74,574,16.07,7.28,25.14
8,1.22,169,0.26,642,22.09,5.2,39.5
8.31,0.88,229,0.8,579,13.68,9.25,16.41
8.19,0.48,246,0.26,379,25.82,9.42,29.75
7.9,0.55,318,0.36,519,33.59,8.18,20.01
8.06,0.85,183,0.3,515,24.69,6.22,64.12
7.51,1.33,243,0.7,606,32.98,9.2,30.26
7.31,1.62,289,0.64,423,28.3,8.76,74.89
7.58,0.28,179,0.6,308,30.59,5.22,28.21
8.1,0.99,310,0.38,732,11.58,8.02,78.48
7.84,0.53,455,0.38,810,20.18,9.8,22.06
7.02,0.4,205,0.58,499,24.55,8.12,19.49
8.33,0.61,198,0.28,839,16.52,5.26,20.01
7.33,1.1,172,0.48,489,30.01,8.18,23.6
7.98,0.3,459,1.06,454,19.78,4.04,23.08
7.62,3.93,245,0.44,573,21,6.39,29.75
7.57,5.19,187,0.56,431,35.64,8.88,18.98
8.33,0.68,227,0.48,848,14.12,10.6,13.34
7.89,0.81,171,0.8,516,29.34,7.48,13.34
8.02,0.6,291,0.56,688,23.22,7.8,18.96
7.82,0.88,193,0.64,633,28.73,5.76,27.19
7.92,0.45,247,0.44,430,10.91,8.2,27.7
7.68,0.49,235,0.38,465,13.33,7.8,34.88
7.32,1.84,331,0.48,560,35.16,9.48,38.98
7.58,3.2,218,0.48,333,11.65,6.46,45.65
8,0.87,196,0.76,387,27.51,8.2,23.08
7.69,2.43,235,0.62,700,20.81,7.94,18.47
7.98,1.07,203,0.34,294,31.96,7.22,32.32
7.6,4.26,258,0.4,325,21.04,7.92,36.42
8.06,0.45,453,0.52,341,12.49,5.72,36.93
8.04,0.65,223,0.38,273,25.84,8.18,26.16
8.29,0.56,345,0.86,137,28.1,9.72,15.39
7.86,0.71,159,0.52,199,34.7,5.66,37.96
7.6,0.59,286,0.4,493,16.63,5.66,21.54
7.2,3.69,202,0.96,263,35.11,5.46,20.52
7.85,0.32,203,0.38,605,12.79,7.38,25.65
7.64,1.99,210,1.4,294,30.1,9.42,72.33
7.75,0.6,293,0.28,339,14.55,6.4,49.76
7.58,0.97,179,1.12,516,12.84,7.7,48.22
7.61,0.89,293,1.5,630,32.51,9.22,53.86
7.78,0.52,399,0.62,423,34.06,5.42,40.52
7.58,0.36,227,1.1,421,12.19,6.96,16.93
7.6,0.49,387,0.48,516,28.31,7.36,14.36
7.47,0.9,293,1.1,590,32.62,9.02,31.29
7.52,6.29,238,0.52,437,28.36,6.82,16.41
8.07,0.53,205,0.56,249,24.45,8.58,21.03
7.56,6.36,279,0.3,509,20.87,6.08,41.55
7.61,2.31,252,1.18,513,33.66,5.16,15.9
7.92,0.53,304,1.22,232,33.1,6.86,88.23
8.61,1.2,235,0.44,504,16.88,9.2,10.26
7.62,4.67,274,0.96,516,20.01,8.46,31.8
7.2,6.59,453,1.42,636,20.43,7.32,22.57
7.64,2.09,271,0.38,694,32.88,5.1,42.58
7.8,0.42,363,0.94,183,12.21,7.12,17.95
7.48,0.6,373,0.66,558,27.7,5.5,15.9
7.64,1.12,224,0.52,491,11.6,5.52,27.19
7.54,1.13,205,0.48,673,21.33,7.6,27.7
7.65,0.96,259,0.98,720,21.12,5.86,60.02
7.26,0.71,205,0.6,508,29.47,5.36,11.29
7.74,1.91,255,0.26,568,10.99,5.45,52.32
7.65,0.42,265,0.56,402,23.07,7.58,38.47
7.75,1.9,224,0.3,456,14.09,6.08,34.37
7.91,1.29,259,1.02,926,29.6,6.6,19.49
7.67,0.51,232,0.92,718,23.08,6.98,41.04
7.63,0.67,227,0.86,675,26.83,7.9,23.08
7.96,0.88,252,0.74,97,12.66,7.48,67.2
7.77,0.53,177,1.24,536,25.41,5.92,17.69
8.47,0.61,265,0.76,368,26.45,8.44,61.56
7.25,2.17,334,0.48,587,26.81,7.48,13.85
7.69,0.44,259,0.82,822,19.57,7.68,21.54
7.87,0.48,238,0.92,472,36.66,6.84,17.44
7.51,0.54,254,0.3,675,33.25,9.02,12.31
7.65,0.51,223,0.4,417,19.27,5.34,25.14
7.55,1.98,372,0.88,520,36.89,8.82,33.86
7.81,1.87,237,0.38,473,16.57,6.9,11.29
7.91,1.25,194,1.02,521,23.58,7.72,15.39
7.63,0.53,166,0.46,698,23.74,8.38,34.88
7.97,1.76,177,0.48,749,12.95,8.38,35.39
7.87,0.36,282,0.54,450,14.14,6.66,18.47
7.54,3.27,257,0.32,503,35.31,5.88,41.55
7.68,1.82,309,0.56,453,22.87,8.6,12.31
7.46,0.93,222,0.28,524,34.12,7.26,31.29
7.75,0.42,149,1.02,133,33.15,6.48,55.4
7.84,0.97,230,1.02,444,36.51,9.24,39.5
7.59,0.66,437,0.32,141,12.79,6.16,14.36
8.02,0.97,218,0.68,259,36.51,9.24,45.65
8.38,0.57,282,1.06,833,23.64,8.14,33.86
7.73,0.61,364,0.94,290,26.73,6.96,34.37
7.97,1.07,278,0.96,841,35.39,7.2,32.83
7.69,1.08,204,0.48,329,31.28,9.18,22.06
7.43,1.25,359,0.36,469,17.85,8.46,34.37
7.44,0.58,215,0.9,504,38.3,6.44,41.04
7.55,2.63,319,0.66,333,28.71,5.14,29.75
7.68,0.59,196,0.78,612,11.6,6.92,45.14
7.72,0.37,237,0.46,449,29.06,8.92,37.96
7.66,0.82,470,0.96,582,26.71,8.42,84.13
7.69,0.54,378,0.44,969,17.85,8.68,32.83
8.53,1.62,194,0.98,523,15.82,7.08,40.01
7.7,0.45,376,0.64,309,30.49,5.64,18.47
8.45,0.44,187,0.4,601,36.47,5.74,27.7
7.76,0.38,227,1.18,449,37.26,9.12,11.8
7.59,0.48,365,0.3,285,19.59,13.74,17.44
7.81,0.69,270,0.64,655,38.97,9.78,52.32
7.29,3.53,243,0.4,199,13.32,6.28,27.19
8.11,0.73,321,0.62,458,32.55,13.94,81.05
7.4,3.49,406,0.58,634,12.74,9.42,91.82
8.65,0.3,376,0.52,472,26.99,5.74,23.6
7.52,4.61,246,0.78,184,31.45,8.38,13.85
7.7,0.46,348,0.46,228,35.21,5.36,51.81
8.13,0.92,331,0.38,392,23.03,7.22,83.61
7.15,4.5,376,0.56,547,32.37,7.32,22.57
7.56,1.16,270,0.5,482,27.65,8.22,17.44
7.58,1.18,237,0.88,294,27.65,7.24,41.04
8.4,0.62,293,0.3,784,37.79,6.86,26.67
8.26,0.52,209,0.56,501,16.01,6.16,24.62
7.6,0.88,285,0.42,513,34.91,5.08,29.75
8.13,1.38,215,0.82,128,29.72,5.66,30.26
8.03,0.77,301,0.86,771,35.24,8.38,23.08
7.71,1.2,386,0.8,438,24.65,6.52,50.78
7.7,0.72,357,0.94,505,33.81,8.06,75.41
7.77,0.54,272,0.98,741,13.22,7.06,32.32
7.75,0.76,218,0.46,417,31.42,8.38,33.34
7.89,1.84,205,0.58,372,31.3,5.18,56.94
8.08,1.22,450,0.76,644,24.68,5.02,37.96
7.75,0.62,480,1.26,956,23,8.24,56.43
7.84,0.64,366,0.96,266,28.56,8.26,34.88
7.22,0.25,229,0.72,656,14.92,8.08,47.71
7.71,0.57,403,0.98,473,37.54,9.42,11.29
7.54,0.41,252,1.06,708,14.9,8.84,85.15
8.6,0.41,245,0.98,343,24.32,6.44,42.58
8.07,0.5,121,0.32,163,18.09,6.12,23.08
8.09,0.32,304,0.28,559,11.72,6.38,18.98
7.9,1.27,324,0.54,318,19.38,7.66,47.71
8.43,0.98,238,0.56,319,29.58,6.22,86.18
7.55,0.81,348,0.36,446,33.78,10.6,76.94
7.98,0.67,262,1,681,35.94,8.48,23.08
8.27,3.37,176,0.34,529,25.72,7.32,18.47
8.23,0.43,593,0.82,371,35.13,6.04,24.62
7.57,0.29,367,1.1,422,30.94,12.3,73.87
8.09,2.26,308,0.58,339,35.95,8.48,56.94
7.35,0.83,336,0.4,531,10.68,8.8,14.36
7.77,1.51,237,0.46,474,27.03,6.42,31.29
8.69,2.39,340,0.74,379,36.55,9.42,31.29
7.47,1.95,352,0.68,415,29.5,5.08,59.5
7.42,1.14,320,0.6,570,34.98,8.8,26.16
7.73,1.25,196,1.14,164,30.38,6.84,20.01
8.28,0.39,209,0.4,469,19.6,7.8,14.36
7.73,0.38,321,0.74,470,14.54,8.38,43.6
7.52,0.34,248,0.66,284,24.77,7.72,52.32
7.65,0.87,237,0.26,466,20.21,5.52,13.85
7.62,0.52,303,1.02,430,23.36,7.86,77.97
7.54,1.08,287,0.86,517,34.22,6.38,65.66
7.83,0.49,301,0.86,398,31.1,8.04,36.42
8.14,0.68,304,0.54,298,30.49,6.12,24.62
7.58,0.49,612,0.78,374,25.28,6.36,18.98
7.83,0.47,586,0.46,359,22.37,6.68,25.14
7.59,0.38,357,0.88,242,19.19,6.38,29.24
7.18,1.06,168,1.06,375,26.28,6.32,26.67
7.43,1.62,439,0.56,770,32.79,7.42,62.58
7.89,0.35,417,0.68,446,19.98,9.46,84.13
7.7,0.67,179,0.92,406,13.45,5.02,24.11
7.72,0.62,326,0.78,453,12.08,6.12,37.45
7.91,0.24,89,0.44,386,28.31,6.16,50.27
7.77,1.65,246,0.72,341,35.39,8.42,17.44
7.74,0.33,417,0.42,311,19.98,5.7,44.11
7.83,0.39,194,0.82,560,20.49,6.02,17.95
7.92,0.91,301,0.66,249,25.82,8.06,41.04
8.1,0.57,266,0.72,302,16.27,6.1,15.9
7.49,0.54,243,0.44,302,17.9,9.04,11.8
8.01,3.89,215,0.68,195,24.72,8.24,15.39
7.59,0.57,334,0.76,433,35.29,8.88,27.7
8.27,0.48,320,0.68,409,18.22,6.74,30.78
7.77,0.41,430,0.38,312,37.08,8.68,85.66
8.12,2.29,176,0.72,297,31.23,9.04,46.17
7.59,2.23,442,1.1,391,25.67,7.32,18.47
7.46,0.95,506,1.06,454,33.02,5.88,28.73
7.69,1.23,252,0.68,528,36.86,5.12,48.22
7.73,1.06,349,0.72,192,24.29,7.96,19.49
7.34,1.24,278,0.38,429,38.25,5.38,37.96
7.46,1.96,308,0.52,511,35,8.34,31.29
7.35,1.42,348,0.7,732,32.62,13.36,61.56
8.28,0.32,385,0.62,528,22.09,8.38,37.45
7.38,1.11,381,0.72,438,31.86,5.36,38.47
8,0.42,309,0.54,347,32.29,7.34,38.98
8.03,0.62,302,0.42,492,33.79,9.38,26.16
7.49,2.25,431,0.62,380,26.15,7.94,18.47
7.56,1.13,175,0.72,314,29.27,7.32,32.83
7.55,0.93,398,0.42,340,18.79,7.36,19.36
7.46,1.03,395,1.18,212,34.83,6.52,28.73
8.09,1.04,319,0.82,784,31.58,6.76,21.03
7.54,2.38,249,0.38,536,33.86,7.24,35.91
7.42,2.99,635,0.58,337,23.27,6.36,18.47
7.52,0.62,478,0.68,485,30.92,8.26,13.85
7.22,0.59,262,0.36,358,15.79,9.6,33.34
7.86,0.33,591,0.56,759,16.12,10.98,80.53
7.79,0.72,314,0.8,316,15.82,5.8,67.2
7.74,0.9,279,0.46,452,24.09,9.38,23.06
7.93,0.63,365,0.56,220,35.28,8.12,37.45
8.03,0.9,215,0.66,363,26,7.96,71.81
7.32,2.67,218,0.32,399,32.1,5.12,57.45
7.36,1.57,526,0.7,870,31.65,7.36,33.34
7.6,1.18,188,0.42,571,10.54,7.38,84.13
7.69,0.55,241,0.42,417,23.41,8.36,24.11
7.59,2.48,278,0.58,399,38.96,8.4,36.42
8.52,0.39,181,0.36,302,28.69,8.38,23.08
7.57,1.54,252,0.34,399,23.56,12.46,56.43
8.03,0.28,296,0.7,753,31.7,5.08,58.48
7.52,0.88,201,1.23,378,30.38,5.08,31.29
7.73,0.55,475,1.2,377,30.64,7.06,34.37
8.35,0.59,234,0.36,262,21.91,8.66,39.5
7.54,1.17,381,0.62,562,28.69,7.78,44.11
8.04,0.94,198,0.48,587,22.14,6.68,41.04
7.23,5.76,266,0.54,317,30.05,7.76,40.52
7.34,4.31,254,0.35,724,27.7,5.12,83.18
7.42,3.93,337,0.6,728,19.6,6.32,39.5
7.85,2.54,152,0.66,386,24.07,7.46,74.51
7.35,0.74,217,0.38,618,31.27,5.38,17.44
7.89,1.28,284,0.34,698,36.35,6.24,61.04
8.02,1.4,407,0.46,552,27.47,5.68,19.49
7.35,2.4,246,0.52,917,35.38,9.18,22.57
8.35,0.64,381,0.92,233,29.55,5.08,46.68
8.11,0.48,202,0.96,379,32.13,9.76,18.98
7.61,2.15,466,0.34,782,34.5,5.82,19.49
7.36,0.65,282,0.48,477,14.82,6.62,17.44
8.12,0.42,199,0.76,316,21.91,7.48,38.98
7.56,0.58,293,1.14,438,18.55,6.64,26.67
7.67,0.56,453,0.54,220,15.2,5.96,20.52
7.39,1.04,329,0.78,738,30.86,7.48,41.55
7.29,2.49,276,0.68,595,26.75,6.35,50.27
7.35,2.41,285,1.44,824,35.71,7.52,33.86
7.78,0.69,288,0.77,534,25.12,9.96,17.95
7.5,0.42,232,0.48,515,37.88,9.8,35.39
7.42,1.04,309,0.38,464,34.09,7.38,27.19
7.96,0.3,282,0.36,422,24.68,5.38,18.98
8.19,0.3,282,0.88,241,25.13,5.12,14.41
7.5,1.64,225,0.52,317,28.07,5.38,47.71
8.23,0.82,490,0.88,472,27.31,9.72,58.48
7.77,1.63,364,0.58,640,32.95,5.02,56.4
8.13,0.56,286,0.62,720,24.49,6.2,31.29
7.1,2.8,278,0.86,499,14.32,10.38,10.77
7.28,1.34,319,0.54,372,21.53,5.06,57.96
7.56,0.67,225,0.92,458,33.48,8.32,32.83
8.18,1.79,351,0.68,595,34.39,7.06,33.34
7.92,0.29,210,0.46,512,26.05,7.72,14.36
8.37,0.87,202,0.36,356,30.64,6.22,43.09
7.87,0.32,360,0.82,767,24.7,6.06,25.65
7.5,0.79,241,0.56,929,25.77,9.72,17.44
7.82,0.45,314,1.2,551,28.35,8.06,37.96
7.44,1.28,464,1.2,544,33.51,6.42,83.1
7.71,0.9,294,0.7,449,32.03,7.02,34.88
7.65,0.37,340,0.58,441,34.24,8.36,56.43
7.38,0.67,194,0.66,800,19.77,6.32,13.85
7.57,0.71,325,0.5,681,25.06,7.8,48.73
7.65,0.39,563,0.44,327,11.6,6.39,29.75
7.7,1.66,321,0.48,531,34.6,7.34,35.91
7.62,1.09,359,0.56,694,27.26,6.84,26.16
7.34,0.91,240,0.24,360,25.85,5.26,52.32
8.17,0.69,252,0.92,406,14.09,6.32,39.5
7.87,0.57,255,0.76,563,33.03,5.48,34.37
7.42,0.75,281,0.64,270,11.3,6.48,76.43
7.2,1.53,240,0.66,700,10.77,8.02,60.53
7.69,1.25,211,0.4,219,28.36,9.78,12.82
7.74,1.49,260,1.08,417,32.82,9.06,34.88
8.03,0.58,240,0.34,120,10.68,8.82,16.93
8.3,0.89,209,0.46,497,29.42,5.58,43.09
7.87,7.37,219,0.28,339,31.98,8.32,68.74
7.92,0.79,213,0.52,363,26.05,8.32,31.8
7.78,0.51,208,0.62,403,25.38,9.92,21.03
7.58,0.43,379,0.22,445,14.9,7.12,15.9
8.45,0.79,344,0.56,419,29.96,8.64,29.24
7.73,0.85,257,0.54,570,20.91,8.1,22.57
7.46,1.19,225,0.8,489,22.77,6.2,16.93
8.05,0.39,282,0.98,348,31.43,6.12,47.19
7.8,1.38,373,0.38,991,27.79,5.8,16.93
7.82,0.53,233,0.6,306,20.31,5.06,15.4
8.05,1.3,345,0.3,629,16.04,14.22,75.92
7.81,1.66,210,0.56,111,17.67,7.96,14.36
7.98,2.07,263,0.74,900,18.46,6.38,26.67
8.33,1.17,288,0.44,442,18.69,6.72,18.47
7.84,0.31,309,0.48,442,35.66,8.36,17.95
7.62,0.77,273,0.8,621,19.02,5.34,17.48
7.82,0.76,279,0.42,481,22.56,7.34,14.88
7.19,0.59,365,0.92,474,19.62,12.26,34.88
7.48,0.81,232,0.9,258,31.17,8.22,47.71
8.32,0.35,285,0.66,353,27.8,6.8,23.08
7.68,0.81,306,0.48,343,36.99,5.38,34.37
7.8,1.41,293,0.96,362,36.27,6.22,18.47
8.26,3.49,248,0.5,501,22.7,7.42,46.68
7.72,0.25,320,0.58,609,18.79,5.9,17.44
7.67,0.64,365,0.56,377,27.51,6.74,13.34
7.45,4.25,272,0.96,387,22.92,6.02,18.98
7.92,1.5,383,0.98,734,24.34,5.62,72.33
7.75,0.52,335,0.6,390,21.04,7.38,34.88
7.19,3.32,162,0.46,820,37.41,5.12,19.49
7.71,0.61,498,0.98,497,26.47,6.38,14.36
7.87,0.74,334,1.2,488,30.76,7.66,20.52
8.3,0.46,194,0.76,196,31.58,6.76,16.41
7.86,0.19,396,0.34,129,26.7,7.34,17.44
7.19,1.36,334,0.58,919,13.61,5.6,14.88
7.83,1.12,274,1.02,414,26.5,5.84,44.11
8.38,1.26,255,0.36,395,14.39,5.66,13.85
7.72,1.71,301,1.46,371,37.19,5.4,64.63
7.9,0.85,254,1.04,206,29.91,7.44,61.56
7.82,0.6,296,0.36,906,22.57,5.22,23.08
7.78,0.49,194,0.82,435,27.49,7.38,24.52
7.25,0.93,314,0.2,395,21.19,8.36,39.5
7.65,1.33,312,0.34,429,21.65,8.6,52.83
8.13,0.54,537,0.3,715,23.18,6.02,21.03
7.7,0.47,290,0.3,886,23.05,7.2,30.26
8.11,0.51,202,0.68,214,20.96,9.06,24.11
8.16,0.49,338,0.32,266,12,5.44,19.49
7.92,0.27,313,0.78,267,32.29,8.2,17.44
7.8,0.89,312,0.74,676,20.96,5.86,22.06
7.3,0.27,233,0.86,363,17.64,8.38,19.49
7.91,0.87,370,0.3,625,10.53,5.76,36.42
8.26,0.31,260,0.86,267,29.83,6.12,23.6
7.56,0.45,273,0.28,460,19.12,8.8,11.8
7.42,0.62,378,0.84,676,16.58,8.68,74.38
7.75,0.33,225,0.4,800,17.62,9.96,16.17
8.13,5.23,218,0.3,452,26.38,6.74,64.12
7.89,0.69,219,0.99,618,14.36,5.06,45.14
7.82,1.05,215,1.2,771,35.67,8.4,25.14
7.66,0.51,411,1.26,462,22.79,8.38,28.21
7.71,2.77,387,0.58,534,35.52,6.74,36.42
7.65,0.58,378,0.58,348,33.41,8.9,15.39
7.72,0.91,198,0.42,500,22.59,5.28,25.14
7.85,1.37,272,0.72,262,26.6,6.46,23.08
8,0.51,183,0.3,503,17.41,6.42,15.13
7.81,6.57,315,0.96,509,35.79,8.48,58.48
8.01,0.78,371,0.7,444,20.05,5.44,18.47
8.17,1.48,254,0.74,694,30.74,8.78,28.21
7.3,0.83,401,0.32,465,25.86,8.98,38.98
7.67,3.57,301,0.38,267,32.93,5.78,41.55
7.63,0.52,244,0.38,290,25.43,7.14,29.75
7.78,1.4,306,0.58,323,15.49,6.36,15.39
7.69,1.57,390,0.56,661,15.48,7.12,15.39
7.67,0.63,235,0.4,329,21.1,8.18,49.76
7.85,0.51,207,0.54,739,25.39,8.2,34.47
7.48,0.88,241,0.64,266,33.45,9.38,23.6
8.25,0.46,230,0.78,355,19.26,5.86,17.44
7.69,0.92,211,0.7,469,36.14,8.78,18.98
8.17,1.72,171,0.64,317,29.14,10.18,15.39
7.51,1.22,340,0.36,621,32.95,9.66,51.81
7.93,0.31,272,0.94,430,27.51,5.12,18.47
7.9,1.04,357,0.86,470,17.47,6.72,52.83
7.81,0.48,304,0.38,290,26.68,6.72,23.6
7.78,1.04,348,0.82,371,25.46,5.66,23.08
8,0.96,216,0.54,133,32.52,5.04,15.39
7.8,0.32,241,0.38,597,19.27,9.46,17.44
7.6,0.68,203,0.46,926,34.88,6.26,53.35
7.81,0.69,224,0.42,176,28.63,5.98,24.62
7.71,2.22,259,0.7,544,31.38,9.88,12.31
8.16,0.31,459,0.38,185,12.44,6,42.58
7.46,0.41,261,0.52,413,29.06,6.12,17.44
7.72,0.55,388,0.58,511,11.68,5.4,42.58
7.76,0.31,274,0.56,142,25.1,8.46,26.67
8.17,0.61,265,0.68,292,27.44,7.86,56.43
7.74,0.24,230,0.64,515,30.28,5.96,17.95
7.68,1.24,254,0.6,582,26.43,11.42,47.19
7.13,3.28,360,0.66,342,28.17,9.12,25.65
7.45,1.57,313,0.52,784,30.34,8.12,39.5
7.68,0.53,388,0.34,301,27.54,9.08,41.04
7.51,1.87,270,0.7,528,23.24,9.46,17.44
7.29,1.55,351,1.06,477,23.28,6.44,82.59
7.3,0.91,334,0.74,604,22.54,12.32,39.5
7.92,0.78,190,1.22,273,25.48,5.96,76.43
7.59,2.41,338,0.88,603,32.49,9.04,34.88
7.77,0.86,456,0.98,509,18.13,7.44,35.39
7.81,0.19,343,0.46,435,29.22,6.14,41.04
7.72,1.14,470,1.02,313,32.36,8.12,57.96
7.56,0.56,276,0.5,516,21.98,7.12,21.54
7.88,0.43,246,0.62,246,10.51,8.38,23.08
7.48,0.71,340,0.72,973,18.88,6.04,19.49
7.93,0.36,354,0.62,421,29.34,9.26,20.52
7.57,1.34,373,0.38,665,22.44,5.2,28.73
7.89,0.59,442,0.72,384,19.21,7.46,11.8
8.26,0.83,312,0.42,419,25.58,7.12,27.19
7.24,1.41,339,0.44,504,34.88,6.38,18.47
8.16,0.17,207,0.54,337,25.67,5.22,22.06
8.25,0.67,218,0.34,462,23.23,6.36,21.54
7.69,0.63,443,0.48,316,33.92,7.72,37.98
7.45,0.67,234,0.52,535,16.68,9.78,26.16
8.14,0.47,219,0.48,280,21.83,6.82,21.03
7.62,1.51,353,1.12,285,26.83,7.08,30.78
7.92,0.75,372,0.86,784,16.2,5.34,59.5
7.9,0.46,218,1.02,312,26.24,7.12,17.44
7.84,0.37,307,0.8,499,14.65,8.3,34.88
7.65,1.35,320,0.32,634,26.98,7.78,46.17
7.73,0.6,232,0.52,438,23.35,5.48,40.01
7.75,0.57,273,1.3,534,38.63,9.24,48.73
7.64,0.28,321,0.98,430,11.67,8.66,87.2
8.06,0.87,293,0.36,320,31.85,7.46,32.32
7.32,0.58,270,0.96,734,28.96,5.38,75.92
7.83,0.23,180,0.98,367,25.58,5.26,52.32
7.46,0.71,496,0.7,415,26.38,7.5,34.37
7.73,0.21,217,0.72,463,18.25,9.32,25.14
7.54,0.92,353,0.26,650,34.02,6.64,66.17
7.71,1.35,246,0.58,636,35.37,9.28,25.14
7.66,0.86,301,0.56,957,33.28,6.48,54.37
7.89,0.55,376,0.86,273,33.31,10.02,17.44
7.68,1.09,277,0.58,481,17.51,6.26,17.95
7.32,1.93,249,1.2,516,18.29,10.38,31.8
7.73,1.08,301,0.54,453,33.15,5.94,56.43
7.58,0.37,232,0.62,561,19.44,7.8,71.46
7.29,6.24,341,0.56,163,35.23,8.1,45.14
7.73,0.42,579,0.74,473,35.72,6.44,47.71
7.48,2.02,414,0.32,370,35.08,5.66,16.41
7.46,1.88,215,0.62,438,36.65,8.38,27.19
7.77,0.3,470,1.08,305,20.99,10.98,13.34
8.14,1.32,301,0.36,434,33.99,7.78,16.93
7.44,0.86,504,0.56,679,34.52,7.12,58.48
8.41,0.58,235,0.92,395,27.36,6.96,61.04
7.86,0.45,176,0.36,521,21.05,5.34,24.11
7.64,0.33,498,1.06,481,10.53,5.66,42.06
8.42,0.51,121,0.66,359,29.49,5.78,46.16
8.01,0.49,252,0.56,148,27.87,8.04,30.26
7.86,0.3,233,0.62,558,19.42,8.02,27.7
7.55,1.31,356,0.8,903,32.41,8.74,57.45
8.5,0.75,215,0.76,485,24.62,6.04,27.7
8.86,0.82,262,0.74,625,22.16,7.24,41.55
7.71,6.09,246,0.88,145,27.62,5.78,15.9
8.29,0.37,129,0.64,188,24.22,5.3,28.73
7.59,1.21,224,0.72,359,19.41,5.4,25.65
8.05,0.99,330,0.32,171,26.12,6.46,38.47
7.46,0.94,325,0.28,362,23.54,7.88,65.15
7.39,0.69,292,0.72,371,19.09,5.18,18.98
7.44,1.16,278,0.74,805,27.49,7.1,33.34
7.62,0.52,303,1.02,430,23.36,7.86,77.97
7.67,0.39,227,0.64,391,13.99,6.24,17.95
